지역,구군,지역코드,건축년도,건물연령,연령대,노후등급,노후점수,겹침비율,홍수등급,홍수점수,종합점수,종합등급,위험코드
전북,전주시 완산구,52111,1971.0,55.0,50-100년,고령,6,90.24,매우높음,4,10,위험,E
전북,전주시 완산구,52111,1977.0,49.0,30-50년,노후,5,48.65,높음,3,8,경고,D
전북,전주시 완산구,52111,1979.0,47.0,30-50년,노후,5,22.58,보통,2,7,경고,D
전북,전주시 완산구,52111,1995.0,31.0,30-50년,노후,5,55.78,매우높음,4,9,위험,E
전북,전주시 완산구,52111,1994.0,32.0,30-50년,노후,5,18.84,보통,2,7,경고,D
전북,전주시 완산구,52111,1991.0,35.0,30-50년,노후,5,17.26,보통,2,7,경고,D
전북,전주시 완산구,52111,1976.0,50.0,50-100년,고령,6,62.43,매우높음,4,10,위험,E
전북,전주시 완산구,52111,1991.0,35.0,30-50년,노후,5,78.46,매우높음,4,9,위험,E
전북,전주시 완산구,52111,1980.0,46.0,30-50년,노후,5,3.65,낮음,1,6,주의,C
전북,전주시 완산구,52111,1993.0,33.0,30-50년,노후,5,63.16,매우높음,4,9,위험,E
전북,전주시 완산구,52111,1970.0,56.0,50-100년,고령,6,19.65,보통,2,8,경고,D
전북,전주시 완산구,52111,1995.0,31.0,30-50년,노후,5,0.43,낮음,1,6,주의,C
전북,전주시 완산구,52111,1994.0,32.0,30-50년,노후,5,11.16,보통,2,7,경고,D
전북,전주시 완산구,52111,1970.0,56.0,50-100년,고령,6,0.05,낮음,1,7,경고,D
전북,전주시 완산구,52111,1971.0,55.0,50-100년,고령,6,52.54,매우높음,4,10,위험,E
전북,전주시 완산구,52111,1974.0,52.0,50-100년,고령,6,4.14,낮음,1,7,경고,D
전북,전주시 완산구,52111,1993.0,33.0,30-50년,노후,5,0.05,낮음,1,6,주의,C
전북,전주시 완산구,52111,1990.0,36.0,30-50년,노후,5,17.17,보통,2,7,경고,D
전북,전주시 완산구,52111,1994.0,32.0,30-50년,노후,5,21.0,보통,2,7,경고,D
전북,전주시 완산구,52111,1972.0,54.0,50-100년,고령,6,23.18,보통,2,8,경고,D
전북,전주시 완산구,52111,1991.0,35.0,30-50년,노후,5,85.87,매우높음,4,9,위험,E
전북,전주시 완산구,52111,1984.0,42.0,30-50년,노후,5,17.2,보통,2,7,경고,D
전북,전주시 완산구,52111,1990.0,36.0,30-50년,노후,5,0.17,낮음,1,6,주의,C
전북,전주시 완산구,52111,1973.0,53.0,50-100년,고령,6,35.68,높음,3,9,위험,E
전북,전주시 완산구,52111,1995.0,31.0,30-50년,노후,5,10.01,보통,2,7,경고,D
전북,전주시 완산구,52111,1991.0,35.0,30-50년,노후,5,37.23,높음,3,8,경고,D
전북,전주시 완산구,52111,1977.0,49.0,30-50년,노후,5,79.98,매우높음,4,9,위험,E
전북,전주시 완산구,52111,1971.0,55.0,50-100년,고령,6,75.46,매우높음,4,10,위험,E
전북,전주시 완산구,52111,1979.0,47.0,30-50년,노후,5,52.87,매우높음,4,9,위험,E
전북,전주시 완산구,52111,1985.0,41.0,30-50년,노후,5,5.85,낮음,1,6,주의,C
전북,전주시 완산구,52111,1972.0,54.0,50-100년,고령,6,78.98,매우높음,4,10,위험,E
전북,전주시 완산구,52111,1973.0,53.0,50-100년,고령,6,14.75,보통,2,8,경고,D
전북,전주시 완산구,52111,1981.0,45.0,30-50년,노후,5,65.39,매우높음,4,9,위험,E
전북,전주시 완산구,52111,1979.0,47.0,30-50년,노후,5,45.26,높음,3,8,경고,D
전북,전주시 완산구,52111,1992.0,34.0,30-50년,노후,5,18.28,보통,2,7,경고,D
전북,전주시 완산구,52111,1993.0,33.0,30-50년,노후,5,53.7,매우높음,4,9,위험,E
전북,전주시 완산구,52111,1970.0,56.0,50-100년,고령,6,100.0,매우높음,4,10,위험,E
전북,전주시 완산구,52111,1985.0,41.0,30-50년,노후,5,5.45,낮음,1,6,주의,C
전북,전주시 완산구,52111,1989.0,37.0,30-50년,노후,5,57.55,매우높음,4,9,위험,E
전북,전주시 완산구,52111,1988.0,38.0,30-50년,노후,5,0.72,낮음,1,6,주의,C
전북,전주시 완산구,52111,1994.0,32.0,30-50년,노후,5,5.95,낮음,1,6,주의,C
전북,전주시 완산구,52111,1990.0,36.0,30-50년,노후,5,0.05,낮음,1,6,주의,C
전북,전주시 완산구,52111,1993.0,33.0,30-50년,노후,5,0.12,낮음,1,6,주의,C
전북,전주시 완산구,52111,1989.0,37.0,30-50년,노후,5,1.37,낮음,1,6,주의,C
전북,전주시 완산구,52111,1994.0,32.0,30-50년,노후,5,82.17,매우높음,4,9,위험,E
전북,전주시 완산구,52111,1983.0,43.0,30-50년,노후,5,100.0,매우높음,4,9,위험,E
전북,전주시 완산구,52111,1993.0,33.0,30-50년,노후,5,36.53,높음,3,8,경고,D
전북,전주시 완산구,52111,1991.0,35.0,30-50년,노후,5,19.06,보통,2,7,경고,D
전북,전주시 완산구,52111,1994.0,32.0,30-50년,노후,5,16.55,보통,2,7,경고,D
전북,전주시 완산구,52111,1995.0,31.0,30-50년,노후,5,40.05,높음,3,8,경고,D
전북,전주시 완산구,52111,1994.0,32.0,30-50년,노후,5,11.99,보통,2,7,경고,D
전북,전주시 완산구,52111,1995.0,31.0,30-50년,노후,5,4.93,낮음,1,6,주의,C
전북,전주시 완산구,52111,1994.0,32.0,30-50년,노후,5,1.11,낮음,1,6,주의,C
전북,전주시 완산구,52111,1977.0,49.0,30-50년,노후,5,72.01,매우높음,4,9,위험,E
전북,전주시 완산구,52111,1994.0,32.0,30-50년,노후,5,13.47,보통,2,7,경고,D
전북,전주시 완산구,52111,1992.0,34.0,30-50년,노후,5,36.0,높음,3,8,경고,D
전북,전주시 완산구,52111,1979.0,47.0,30-50년,노후,5,56.64,매우높음,4,9,위험,E
전북,전주시 완산구,52111,1993.0,33.0,30-50년,노후,5,27.03,보통,2,7,경고,D
전북,전주시 완산구,52111,1978.0,48.0,30-50년,노후,5,100.0,매우높음,4,9,위험,E
전북,전주시 완산구,52111,1986.0,40.0,30-50년,노후,5,1.49,낮음,1,6,주의,C
전북,전주시 완산구,52111,1984.0,42.0,30-50년,노후,5,12.98,보통,2,7,경고,D
전북,전주시 완산구,52111,1972.0,54.0,50-100년,고령,6,2.2,낮음,1,7,경고,D
전북,전주시 완산구,52111,1994.0,32.0,30-50년,노후,5,27.52,보통,2,7,경고,D
전북,전주시 완산구,52111,1978.0,48.0,30-50년,노후,5,52.04,매우높음,4,9,위험,E
전북,전주시 완산구,52111,1992.0,34.0,30-50년,노후,5,100.0,매우높음,4,9,위험,E
전북,전주시 완산구,52111,1993.0,33.0,30-50년,노후,5,0.86,낮음,1,6,주의,C
전북,전주시 완산구,52111,1971.0,55.0,50-100년,고령,6,83.65,매우높음,4,10,위험,E
전북,전주시 완산구,52111,1989.0,37.0,30-50년,노후,5,15.68,보통,2,7,경고,D
전북,전주시 완산구,52111,1976.0,50.0,50-100년,고령,6,1.29,낮음,1,7,경고,D
전북,전주시 완산구,52111,1980.0,46.0,30-50년,노후,5,61.75,매우높음,4,9,위험,E
전북,전주시 완산구,52111,1993.0,33.0,30-50년,노후,5,88.47,매우높음,4,9,위험,E
전북,전주시 완산구,52111,1972.0,54.0,50-100년,고령,6,74.49,매우높음,4,10,위험,E
전북,전주시 완산구,52111,1995.0,31.0,30-50년,노후,5,23.99,보통,2,7,경고,D
전북,전주시 완산구,52111,1992.0,34.0,30-50년,노후,5,0.25,낮음,1,6,주의,C
전북,전주시 완산구,52111,1993.0,33.0,30-50년,노후,5,73.24,매우높음,4,9,위험,E
전북,전주시 완산구,52111,1992.0,34.0,30-50년,노후,5,13.22,보통,2,7,경고,D
전북,전주시 완산구,52111,1987.0,39.0,30-50년,노후,5,15.5,보통,2,7,경고,D
전북,전주시 완산구,52111,1992.0,34.0,30-50년,노후,5,71.72,매우높음,4,9,위험,E
전북,전주시 완산구,52111,1979.0,47.0,30-50년,노후,5,58.48,매우높음,4,9,위험,E
전북,전주시 완산구,52111,1993.0,33.0,30-50년,노후,5,88.53,매우높음,4,9,위험,E
전북,전주시 완산구,52111,1970.0,56.0,50-100년,고령,6,5.14,낮음,1,7,경고,D
전북,전주시 완산구,52111,1994.0,32.0,30-50년,노후,5,14.61,보통,2,7,경고,D
전북,전주시 완산구,52111,1992.0,34.0,30-50년,노후,5,0.78,낮음,1,6,주의,C
전북,전주시 완산구,52111,1994.0,32.0,30-50년,노후,5,77.92,매우높음,4,9,위험,E
전북,전주시 완산구,52111,1993.0,33.0,30-50년,노후,5,44.23,높음,3,8,경고,D
전북,전주시 완산구,52111,1968.0,58.0,50-100년,고령,6,97.3,매우높음,4,10,위험,E
전북,전주시 완산구,52111,1975.0,51.0,50-100년,고령,6,100.0,매우높음,4,10,위험,E
전북,전주시 완산구,52111,1980.0,46.0,30-50년,노후,5,35.73,높음,3,8,경고,D
전북,전주시 완산구,52111,1979.0,47.0,30-50년,노후,5,100.0,매우높음,4,9,위험,E
전북,전주시 완산구,52111,1980.0,46.0,30-50년,노후,5,100.0,매우높음,4,9,위험,E
전북,전주시 완산구,52111,1995.0,31.0,30-50년,노후,5,42.26,높음,3,8,경고,D
전북,전주시 완산구,52111,1985.0,41.0,30-50년,노후,5,0.25,낮음,1,6,주의,C
전북,전주시 완산구,52111,1970.0,56.0,50-100년,고령,6,90.02,매우높음,4,10,위험,E
전북,전주시 완산구,52111,1970.0,56.0,50-100년,고령,6,80.57,매우높음,4,10,위험,E
전북,전주시 완산구,52111,1978.0,48.0,30-50년,노후,5,75.83,매우높음,4,9,위험,E
전북,전주시 완산구,52111,1991.0,35.0,30-50년,노후,5,0.01,낮음,1,6,주의,C
전북,전주시 완산구,52111,1979.0,47.0,30-50년,노후,5,16.76,보통,2,7,경고,D
전북,전주시 완산구,52111,1993.0,33.0,30-50년,노후,5,0.58,낮음,1,6,주의,C
전북,전주시 완산구,52111,1993.0,33.0,30-50년,노후,5,0.17,낮음,1,6,주의,C
전북,전주시 완산구,52111,1969.0,57.0,50-100년,고령,6,21.81,보통,2,8,경고,D
전북,전주시 완산구,52111,1993.0,33.0,30-50년,노후,5,37.51,높음,3,8,경고,D
전북,전주시 완산구,52111,1970.0,56.0,50-100년,고령,6,9.11,낮음,1,7,경고,D
전북,전주시 완산구,52111,1976.0,50.0,50-100년,고령,6,8.39,낮음,1,7,경고,D
전북,전주시 완산구,52111,1969.0,57.0,50-100년,고령,6,24.45,보통,2,8,경고,D
전북,전주시 완산구,52111,1970.0,56.0,50-100년,고령,6,100.0,매우높음,4,10,위험,E
전북,전주시 완산구,52111,1970.0,56.0,50-100년,고령,6,53.21,매우높음,4,10,위험,E
전북,전주시 완산구,52111,1971.0,55.0,50-100년,고령,6,85.38,매우높음,4,10,위험,E
전북,전주시 완산구,52111,1992.0,34.0,30-50년,노후,5,52.46,매우높음,4,9,위험,E
전북,전주시 완산구,52111,1977.0,49.0,30-50년,노후,5,0.06,낮음,1,6,주의,C
전북,전주시 완산구,52111,1992.0,34.0,30-50년,노후,5,53.92,매우높음,4,9,위험,E
전북,전주시 완산구,52111,1992.0,34.0,30-50년,노후,5,23.03,보통,2,7,경고,D
전북,전주시 완산구,52111,1985.0,41.0,30-50년,노후,5,34.34,높음,3,8,경고,D
전북,전주시 완산구,52111,1995.0,31.0,30-50년,노후,5,41.32,높음,3,8,경고,D
전북,전주시 완산구,52111,1989.0,37.0,30-50년,노후,5,37.01,높음,3,8,경고,D
전북,전주시 완산구,52111,1985.0,41.0,30-50년,노후,5,12.66,보통,2,7,경고,D
전북,전주시 완산구,52111,1978.0,48.0,30-50년,노후,5,91.4,매우높음,4,9,위험,E
전북,전주시 완산구,52111,1980.0,46.0,30-50년,노후,5,44.32,높음,3,8,경고,D
전북,전주시 완산구,52111,1994.0,32.0,30-50년,노후,5,3.81,낮음,1,6,주의,C
전북,전주시 완산구,52111,1975.0,51.0,50-100년,고령,6,63.8,매우높음,4,10,위험,E
전북,전주시 완산구,52111,1978.0,48.0,30-50년,노후,5,94.75,매우높음,4,9,위험,E
전북,전주시 완산구,52111,1956.0,70.0,50-100년,고령,6,12.53,보통,2,8,경고,D
전북,전주시 완산구,52111,1993.0,33.0,30-50년,노후,5,33.31,높음,3,8,경고,D
전북,전주시 완산구,52111,1992.0,34.0,30-50년,노후,5,43.65,높음,3,8,경고,D
전북,전주시 완산구,52111,1994.0,32.0,30-50년,노후,5,6.58,낮음,1,6,주의,C
전북,전주시 완산구,52111,1993.0,33.0,30-50년,노후,5,99.05,매우높음,4,9,위험,E
전북,전주시 완산구,52111,1979.0,47.0,30-50년,노후,5,75.72,매우높음,4,9,위험,E
전북,전주시 완산구,52111,1964.0,62.0,50-100년,고령,6,17.92,보통,2,8,경고,D
전북,전주시 완산구,52111,1992.0,34.0,30-50년,노후,5,88.33,매우높음,4,9,위험,E
전북,전주시 완산구,52111,1977.0,49.0,30-50년,노후,5,24.05,보통,2,7,경고,D
전북,전주시 완산구,52111,1994.0,32.0,30-50년,노후,5,0.15,낮음,1,6,주의,C
전북,전주시 완산구,52111,1980.0,46.0,30-50년,노후,5,43.17,높음,3,8,경고,D
전북,전주시 완산구,52111,1963.0,63.0,50-100년,고령,6,40.3,높음,3,9,위험,E
전북,전주시 완산구,52111,1988.0,38.0,30-50년,노후,5,5.2,낮음,1,6,주의,C
전북,전주시 완산구,52111,1989.0,37.0,30-50년,노후,5,26.03,보통,2,7,경고,D
전북,전주시 완산구,52111,1988.0,38.0,30-50년,노후,5,60.57,매우높음,4,9,위험,E
전북,전주시 완산구,52111,1994.0,32.0,30-50년,노후,5,23.77,보통,2,7,경고,D
전북,전주시 완산구,52111,1979.0,47.0,30-50년,노후,5,71.65,매우높음,4,9,위험,E
전북,전주시 완산구,52111,1992.0,34.0,30-50년,노후,5,0.43,낮음,1,6,주의,C
전북,전주시 완산구,52111,1978.0,48.0,30-50년,노후,5,92.26,매우높음,4,9,위험,E
전북,전주시 완산구,52111,1978.0,48.0,30-50년,노후,5,40.55,높음,3,8,경고,D
전북,전주시 완산구,52111,1993.0,33.0,30-50년,노후,5,21.01,보통,2,7,경고,D
전북,전주시 완산구,52111,1973.0,53.0,50-100년,고령,6,16.29,보통,2,8,경고,D
전북,전주시 완산구,52111,1971.0,55.0,50-100년,고령,6,13.79,보통,2,8,경고,D
전북,전주시 완산구,52111,1971.0,55.0,50-100년,고령,6,98.97,매우높음,4,10,위험,E
전북,전주시 완산구,52111,1995.0,31.0,30-50년,노후,5,25.98,보통,2,7,경고,D
전북,전주시 완산구,52111,1965.0,61.0,50-100년,고령,6,72.93,매우높음,4,10,위험,E
전북,전주시 완산구,52111,1985.0,41.0,30-50년,노후,5,35.84,높음,3,8,경고,D
전북,전주시 완산구,52111,1992.0,34.0,30-50년,노후,5,44.92,높음,3,8,경고,D
전북,전주시 완산구,52111,1994.0,32.0,30-50년,노후,5,34.83,높음,3,8,경고,D
전북,전주시 완산구,52111,1968.0,58.0,50-100년,고령,6,15.42,보통,2,8,경고,D
전북,전주시 완산구,52111,1970.0,56.0,50-100년,고령,6,5.54,낮음,1,7,경고,D
전북,전주시 완산구,52111,1971.0,55.0,50-100년,고령,6,52.16,매우높음,4,10,위험,E
전북,전주시 완산구,52111,1986.0,40.0,30-50년,노후,5,84.57,매우높음,4,9,위험,E
전북,전주시 완산구,52111,1977.0,49.0,30-50년,노후,5,100.0,매우높음,4,9,위험,E
전북,전주시 완산구,52111,1994.0,32.0,30-50년,노후,5,20.19,보통,2,7,경고,D
전북,전주시 완산구,52111,1978.0,48.0,30-50년,노후,5,35.96,높음,3,8,경고,D
전북,전주시 완산구,52111,1969.0,57.0,50-100년,고령,6,100.0,매우높음,4,10,위험,E
전북,전주시 완산구,52111,1994.0,32.0,30-50년,노후,5,0.0,낮음,1,6,주의,C
전북,전주시 완산구,52111,1974.0,52.0,50-100년,고령,6,1.07,낮음,1,7,경고,D
전북,전주시 완산구,52111,1977.0,49.0,30-50년,노후,5,78.22,매우높음,4,9,위험,E
전북,전주시 완산구,52111,1994.0,32.0,30-50년,노후,5,4.93,낮음,1,6,주의,C
전북,전주시 완산구,52111,1987.0,39.0,30-50년,노후,5,1.28,낮음,1,6,주의,C
전북,전주시 완산구,52111,1984.0,42.0,30-50년,노후,5,4.49,낮음,1,6,주의,C
전북,전주시 완산구,52111,1995.0,31.0,30-50년,노후,5,99.65,매우높음,4,9,위험,E
전북,전주시 완산구,52111,1994.0,32.0,30-50년,노후,5,76.22,매우높음,4,9,위험,E
전북,전주시 완산구,52111,1993.0,33.0,30-50년,노후,5,15.74,보통,2,7,경고,D
전북,전주시 완산구,52111,1974.0,52.0,50-100년,고령,6,0.23,낮음,1,7,경고,D
전북,전주시 완산구,52111,1970.0,56.0,50-100년,고령,6,90.86,매우높음,4,10,위험,E
전북,전주시 완산구,52111,1974.0,52.0,50-100년,고령,6,1.86,낮음,1,7,경고,D
전북,전주시 완산구,52111,1992.0,34.0,30-50년,노후,5,89.19,매우높음,4,9,위험,E
전북,전주시 완산구,52111,1965.0,61.0,50-100년,고령,6,48.23,높음,3,9,위험,E
전북,전주시 완산구,52111,1993.0,33.0,30-50년,노후,5,28.55,보통,2,7,경고,D
전북,전주시 완산구,52111,1994.0,32.0,30-50년,노후,5,0.25,낮음,1,6,주의,C
전북,전주시 완산구,52111,1974.0,52.0,50-100년,고령,6,27.68,보통,2,8,경고,D
전북,전주시 완산구,52111,1970.0,56.0,50-100년,고령,6,32.98,높음,3,9,위험,E
전북,전주시 완산구,52111,1993.0,33.0,30-50년,노후,5,46.81,높음,3,8,경고,D
전북,전주시 완산구,52111,1978.0,48.0,30-50년,노후,5,23.09,보통,2,7,경고,D
전북,전주시 완산구,52111,1993.0,33.0,30-50년,노후,5,61.47,매우높음,4,9,위험,E
전북,전주시 완산구,52111,1973.0,53.0,50-100년,고령,6,64.74,매우높음,4,10,위험,E
전북,전주시 완산구,52111,1977.0,49.0,30-50년,노후,5,18.72,보통,2,7,경고,D
전북,전주시 완산구,52111,1972.0,54.0,50-100년,고령,6,0.59,낮음,1,7,경고,D
전북,전주시 완산구,52111,1988.0,38.0,30-50년,노후,5,7.52,낮음,1,6,주의,C
전북,전주시 완산구,52111,1975.0,51.0,50-100년,고령,6,83.49,매우높음,4,10,위험,E
전북,전주시 완산구,52111,1992.0,34.0,30-50년,노후,5,22.06,보통,2,7,경고,D
전북,전주시 완산구,52111,1994.0,32.0,30-50년,노후,5,12.53,보통,2,7,경고,D
전북,전주시 완산구,52111,1996.0,30.0,30-50년,노후,5,100.0,매우높음,4,9,위험,E
전북,전주시 완산구,52111,1994.0,32.0,30-50년,노후,5,99.92,매우높음,4,9,위험,E
전북,전주시 완산구,52111,1970.0,56.0,50-100년,고령,6,11.21,보통,2,8,경고,D
전북,전주시 완산구,52111,1993.0,33.0,30-50년,노후,5,24.69,보통,2,7,경고,D
전북,전주시 완산구,52111,1994.0,32.0,30-50년,노후,5,0.09,낮음,1,6,주의,C
전북,전주시 완산구,52111,1992.0,34.0,30-50년,노후,5,9.31,낮음,1,6,주의,C
전북,전주시 완산구,52111,1977.0,49.0,30-50년,노후,5,100.0,매우높음,4,9,위험,E
전북,전주시 완산구,52111,1980.0,46.0,30-50년,노후,5,36.02,높음,3,8,경고,D
전북,전주시 완산구,52111,1995.0,31.0,30-50년,노후,5,9.7,낮음,1,6,주의,C
전북,전주시 완산구,52111,1970.0,56.0,50-100년,고령,6,52.77,매우높음,4,10,위험,E
전북,전주시 완산구,52111,1992.0,34.0,30-50년,노후,5,33.96,높음,3,8,경고,D
전북,전주시 완산구,52111,1991.0,35.0,30-50년,노후,5,100.0,매우높음,4,9,위험,E
전북,전주시 완산구,52111,1975.0,51.0,50-100년,고령,6,3.07,낮음,1,7,경고,D
전북,전주시 완산구,52111,1984.0,42.0,30-50년,노후,5,100.0,매우높음,4,9,위험,E
전북,전주시 완산구,52111,1992.0,34.0,30-50년,노후,5,97.88,매우높음,4,9,위험,E
전북,전주시 완산구,52111,1994.0,32.0,30-50년,노후,5,31.93,높음,3,8,경고,D
전북,전주시 완산구,52111,1973.0,53.0,50-100년,고령,6,0.01,낮음,1,7,경고,D
전북,전주시 완산구,52111,1993.0,33.0,30-50년,노후,5,34.97,높음,3,8,경고,D
전북,전주시 완산구,52111,1975.0,51.0,50-100년,고령,6,34.37,높음,3,9,위험,E
전북,전주시 완산구,52111,1992.0,34.0,30-50년,노후,5,71.09,매우높음,4,9,위험,E
전북,전주시 완산구,52111,1986.0,40.0,30-50년,노후,5,5.62,낮음,1,6,주의,C
전북,전주시 완산구,52111,1969.0,57.0,50-100년,고령,6,6.65,낮음,1,7,경고,D
전북,전주시 완산구,52111,1993.0,33.0,30-50년,노후,5,16.98,보통,2,7,경고,D
전북,전주시 완산구,52111,1979.0,47.0,30-50년,노후,5,100.0,매우높음,4,9,위험,E
전북,전주시 완산구,52111,1991.0,35.0,30-50년,노후,5,29.74,보통,2,7,경고,D
전북,전주시 완산구,52111,1977.0,49.0,30-50년,노후,5,52.78,매우높음,4,9,위험,E
전북,전주시 완산구,52111,1992.0,34.0,30-50년,노후,5,19.34,보통,2,7,경고,D
전북,전주시 완산구,52111,1992.0,34.0,30-50년,노후,5,36.51,높음,3,8,경고,D
전북,전주시 완산구,52111,1986.0,40.0,30-50년,노후,5,5.05,낮음,1,6,주의,C
전북,전주시 완산구,52111,1979.0,47.0,30-50년,노후,5,11.92,보통,2,7,경고,D
전북,전주시 완산구,52111,1980.0,46.0,30-50년,노후,5,6.05,낮음,1,6,주의,C
전북,전주시 완산구,52111,1989.0,37.0,30-50년,노후,5,18.16,보통,2,7,경고,D
전북,전주시 완산구,52111,1980.0,46.0,30-50년,노후,5,29.15,보통,2,7,경고,D
전북,전주시 완산구,52111,1975.0,51.0,50-100년,고령,6,8.63,낮음,1,7,경고,D
전북,전주시 완산구,52111,1994.0,32.0,30-50년,노후,5,1.38,낮음,1,6,주의,C
전북,전주시 완산구,52111,1970.0,56.0,50-100년,고령,6,58.71,매우높음,4,10,위험,E
전북,전주시 완산구,52111,1977.0,49.0,30-50년,노후,5,61.0,매우높음,4,9,위험,E
전북,전주시 완산구,52111,1994.0,32.0,30-50년,노후,5,11.55,보통,2,7,경고,D
전북,전주시 완산구,52111,1994.0,32.0,30-50년,노후,5,15.78,보통,2,7,경고,D
전북,전주시 완산구,52111,1988.0,38.0,30-50년,노후,5,21.46,보통,2,7,경고,D
전북,전주시 완산구,52111,1969.0,57.0,50-100년,고령,6,100.0,매우높음,4,10,위험,E
전북,전주시 완산구,52111,1972.0,54.0,50-100년,고령,6,19.33,보통,2,8,경고,D
전북,전주시 완산구,52111,1992.0,34.0,30-50년,노후,5,0.56,낮음,1,6,주의,C
전북,전주시 완산구,52111,1972.0,54.0,50-100년,고령,6,25.12,보통,2,8,경고,D
전북,전주시 완산구,52111,1980.0,46.0,30-50년,노후,5,27.53,보통,2,7,경고,D
전북,전주시 완산구,52111,1990.0,36.0,30-50년,노후,5,65.91,매우높음,4,9,위험,E
전북,전주시 완산구,52111,1978.0,48.0,30-50년,노후,5,7.91,낮음,1,6,주의,C
전북,전주시 완산구,52111,1993.0,33.0,30-50년,노후,5,27.21,보통,2,7,경고,D
전북,전주시 완산구,52111,1980.0,46.0,30-50년,노후,5,100.0,매우높음,4,9,위험,E
전북,전주시 완산구,52111,1989.0,37.0,30-50년,노후,5,100.0,매우높음,4,9,위험,E
전북,전주시 완산구,52111,1979.0,47.0,30-50년,노후,5,37.7,높음,3,8,경고,D
전북,전주시 완산구,52111,1977.0,49.0,30-50년,노후,5,100.0,매우높음,4,9,위험,E
전북,전주시 완산구,52111,1974.0,52.0,50-100년,고령,6,90.8,매우높음,4,10,위험,E
전북,전주시 완산구,52111,1978.0,48.0,30-50년,노후,5,14.75,보통,2,7,경고,D
전북,전주시 완산구,52111,1969.0,57.0,50-100년,고령,6,42.91,높음,3,9,위험,E
전북,전주시 완산구,52111,1994.0,32.0,30-50년,노후,5,100.0,매우높음,4,9,위험,E
전북,전주시 완산구,52111,1980.0,46.0,30-50년,노후,5,1.38,낮음,1,6,주의,C
전북,전주시 완산구,52111,1970.0,56.0,50-100년,고령,6,1.95,낮음,1,7,경고,D
전북,전주시 완산구,52111,1990.0,36.0,30-50년,노후,5,10.61,보통,2,7,경고,D
전북,전주시 완산구,52111,1991.0,35.0,30-50년,노후,5,93.62,매우높음,4,9,위험,E
전북,전주시 완산구,52111,1972.0,54.0,50-100년,고령,6,100.0,매우높음,4,10,위험,E
전북,전주시 완산구,52111,1966.0,60.0,50-100년,고령,6,29.26,보통,2,8,경고,D
전북,전주시 완산구,52111,1982.0,44.0,30-50년,노후,5,6.97,낮음,1,6,주의,C
전북,전주시 완산구,52111,1981.0,45.0,30-50년,노후,5,70.04,매우높음,4,9,위험,E
전북,전주시 완산구,52111,1978.0,48.0,30-50년,노후,5,17.86,보통,2,7,경고,D
전북,전주시 완산구,52111,1993.0,33.0,30-50년,노후,5,84.71,매우높음,4,9,위험,E
전북,전주시 완산구,52111,1992.0,34.0,30-50년,노후,5,1.2,낮음,1,6,주의,C
전북,전주시 완산구,52111,1973.0,53.0,50-100년,고령,6,32.28,높음,3,9,위험,E
전북,전주시 완산구,52111,1969.0,57.0,50-100년,고령,6,8.78,낮음,1,7,경고,D
전북,전주시 완산구,52111,1995.0,31.0,30-50년,노후,5,0.83,낮음,1,6,주의,C
전북,전주시 완산구,52111,1977.0,49.0,30-50년,노후,5,32.1,높음,3,8,경고,D
전북,전주시 완산구,52111,1993.0,33.0,30-50년,노후,5,97.57,매우높음,4,9,위험,E
전북,전주시 완산구,52111,1973.0,53.0,50-100년,고령,6,20.64,보통,2,8,경고,D
전북,전주시 완산구,52111,1969.0,57.0,50-100년,고령,6,88.53,매우높음,4,10,위험,E
전북,전주시 완산구,52111,1994.0,32.0,30-50년,노후,5,82.0,매우높음,4,9,위험,E
전북,전주시 완산구,52111,1976.0,50.0,50-100년,고령,6,33.28,높음,3,9,위험,E
전북,전주시 완산구,52111,1972.0,54.0,50-100년,고령,6,100.0,매우높음,4,10,위험,E
전북,전주시 완산구,52111,1973.0,53.0,50-100년,고령,6,29.66,보통,2,8,경고,D
전북,전주시 완산구,52111,1971.0,55.0,50-100년,고령,6,49.27,높음,3,9,위험,E
전북,전주시 완산구,52111,1992.0,34.0,30-50년,노후,5,72.66,매우높음,4,9,위험,E
전북,전주시 완산구,52111,1994.0,32.0,30-50년,노후,5,100.0,매우높음,4,9,위험,E
전북,전주시 완산구,52111,1975.0,51.0,50-100년,고령,6,1.07,낮음,1,7,경고,D
전북,전주시 완산구,52111,1988.0,38.0,30-50년,노후,5,69.08,매우높음,4,9,위험,E
전북,전주시 완산구,52111,1976.0,50.0,50-100년,고령,6,84.88,매우높음,4,10,위험,E
전북,전주시 완산구,52111,1985.0,41.0,30-50년,노후,5,36.44,높음,3,8,경고,D
전북,전주시 완산구,52111,1994.0,32.0,30-50년,노후,5,73.58,매우높음,4,9,위험,E
전북,전주시 완산구,52111,1973.0,53.0,50-100년,고령,6,37.3,높음,3,9,위험,E
전북,전주시 완산구,52111,1978.0,48.0,30-50년,노후,5,75.37,매우높음,4,9,위험,E
전북,전주시 완산구,52111,1992.0,34.0,30-50년,노후,5,100.0,매우높음,4,9,위험,E
전북,전주시 완산구,52111,1971.0,55.0,50-100년,고령,6,4.22,낮음,1,7,경고,D
전북,전주시 완산구,52111,1970.0,56.0,50-100년,고령,6,31.83,높음,3,9,위험,E
전북,전주시 완산구,52111,1993.0,33.0,30-50년,노후,5,2.22,낮음,1,6,주의,C
전북,전주시 완산구,52111,1993.0,33.0,30-50년,노후,5,13.11,보통,2,7,경고,D
전북,전주시 완산구,52111,1977.0,49.0,30-50년,노후,5,100.0,매우높음,4,9,위험,E
전북,전주시 완산구,52111,1973.0,53.0,50-100년,고령,6,53.58,매우높음,4,10,위험,E
전북,전주시 완산구,52111,1994.0,32.0,30-50년,노후,5,15.84,보통,2,7,경고,D
전북,전주시 완산구,52111,1994.0,32.0,30-50년,노후,5,5.47,낮음,1,6,주의,C
전북,전주시 완산구,52111,1994.0,32.0,30-50년,노후,5,4.97,낮음,1,6,주의,C
전북,전주시 완산구,52111,1982.0,44.0,30-50년,노후,5,4.18,낮음,1,6,주의,C
전북,전주시 완산구,52111,1972.0,54.0,50-100년,고령,6,64.55,매우높음,4,10,위험,E
전북,전주시 완산구,52111,1991.0,35.0,30-50년,노후,5,100.0,매우높음,4,9,위험,E
전북,전주시 완산구,52111,1992.0,34.0,30-50년,노후,5,42.89,높음,3,8,경고,D
전북,전주시 완산구,52111,1976.0,50.0,50-100년,고령,6,53.06,매우높음,4,10,위험,E
전북,전주시 완산구,52111,1990.0,36.0,30-50년,노후,5,98.94,매우높음,4,9,위험,E
전북,전주시 완산구,52111,1992.0,34.0,30-50년,노후,5,22.19,보통,2,7,경고,D
전북,전주시 완산구,52111,1987.0,39.0,30-50년,노후,5,48.71,높음,3,8,경고,D
전북,전주시 완산구,52111,1976.0,50.0,50-100년,고령,6,24.16,보통,2,8,경고,D
전북,전주시 완산구,52111,1993.0,33.0,30-50년,노후,5,51.07,매우높음,4,9,위험,E
전북,전주시 완산구,52111,1988.0,38.0,30-50년,노후,5,8.32,낮음,1,6,주의,C
전북,전주시 완산구,52111,1992.0,34.0,30-50년,노후,5,80.89,매우높음,4,9,위험,E
전북,전주시 완산구,52111,1985.0,41.0,30-50년,노후,5,86.87,매우높음,4,9,위험,E
전북,전주시 완산구,52111,1977.0,49.0,30-50년,노후,5,5.2,낮음,1,6,주의,C
전북,전주시 완산구,52111,1993.0,33.0,30-50년,노후,5,17.39,보통,2,7,경고,D
전북,전주시 완산구,52111,1992.0,34.0,30-50년,노후,5,100.0,매우높음,4,9,위험,E
전북,전주시 완산구,52111,1974.0,52.0,50-100년,고령,6,5.53,낮음,1,7,경고,D
전북,전주시 완산구,52111,1973.0,53.0,50-100년,고령,6,17.05,보통,2,8,경고,D
전북,전주시 완산구,52111,1970.0,56.0,50-100년,고령,6,21.05,보통,2,8,경고,D
전북,전주시 완산구,52111,1994.0,32.0,30-50년,노후,5,63.41,매우높음,4,9,위험,E
전북,전주시 완산구,52111,1974.0,52.0,50-100년,고령,6,27.93,보통,2,8,경고,D
전북,전주시 완산구,52111,1992.0,34.0,30-50년,노후,5,28.4,보통,2,7,경고,D
전북,전주시 완산구,52111,1977.0,49.0,30-50년,노후,5,94.79,매우높음,4,9,위험,E
전북,전주시 완산구,52111,1989.0,37.0,30-50년,노후,5,20.22,보통,2,7,경고,D
전북,전주시 완산구,52111,1978.0,48.0,30-50년,노후,5,9.14,낮음,1,6,주의,C
전북,전주시 완산구,52111,1970.0,56.0,50-100년,고령,6,100.0,매우높음,4,10,위험,E
전북,전주시 완산구,52111,1988.0,38.0,30-50년,노후,5,0.3,낮음,1,6,주의,C
전북,전주시 완산구,52111,1976.0,50.0,50-100년,고령,6,100.0,매우높음,4,10,위험,E
전북,전주시 완산구,52111,1980.0,46.0,30-50년,노후,5,70.5,매우높음,4,9,위험,E
전북,전주시 완산구,52111,1971.0,55.0,50-100년,고령,6,14.14,보통,2,8,경고,D
전북,전주시 완산구,52111,1991.0,35.0,30-50년,노후,5,32.35,높음,3,8,경고,D
전북,전주시 완산구,52111,1982.0,44.0,30-50년,노후,5,63.33,매우높음,4,9,위험,E
전북,전주시 완산구,52111,1993.0,33.0,30-50년,노후,5,54.56,매우높음,4,9,위험,E
전북,전주시 완산구,52111,1972.0,54.0,50-100년,고령,6,100.0,매우높음,4,10,위험,E
전북,전주시 완산구,52111,1970.0,56.0,50-100년,고령,6,27.15,보통,2,8,경고,D
전북,전주시 완산구,52111,1992.0,34.0,30-50년,노후,5,39.27,높음,3,8,경고,D
전북,전주시 완산구,52111,1993.0,33.0,30-50년,노후,5,47.53,높음,3,8,경고,D
전북,전주시 완산구,52111,1991.0,35.0,30-50년,노후,5,11.68,보통,2,7,경고,D
전북,전주시 완산구,52111,1984.0,42.0,30-50년,노후,5,51.02,매우높음,4,9,위험,E
전북,전주시 완산구,52111,1972.0,54.0,50-100년,고령,6,23.81,보통,2,8,경고,D
전북,전주시 완산구,52111,1969.0,57.0,50-100년,고령,6,23.16,보통,2,8,경고,D
전북,전주시 완산구,52111,1995.0,31.0,30-50년,노후,5,67.25,매우높음,4,9,위험,E
전북,전주시 완산구,52111,1979.0,47.0,30-50년,노후,5,100.0,매우높음,4,9,위험,E
전북,전주시 완산구,52111,1992.0,34.0,30-50년,노후,5,99.86,매우높음,4,9,위험,E
전북,전주시 완산구,52111,1955.0,71.0,50-100년,고령,6,27.31,보통,2,8,경고,D
전북,전주시 완산구,52111,1968.0,58.0,50-100년,고령,6,46.07,높음,3,9,위험,E
전북,전주시 완산구,52111,1993.0,33.0,30-50년,노후,5,2.9,낮음,1,6,주의,C
전북,전주시 완산구,52111,1969.0,57.0,50-100년,고령,6,82.48,매우높음,4,10,위험,E
전북,전주시 완산구,52111,1995.0,31.0,30-50년,노후,5,57.46,매우높음,4,9,위험,E
전북,전주시 완산구,52111,1994.0,32.0,30-50년,노후,5,10.71,보통,2,7,경고,D
전북,전주시 완산구,52111,1977.0,49.0,30-50년,노후,5,19.55,보통,2,7,경고,D
전북,전주시 완산구,52111,1992.0,34.0,30-50년,노후,5,2.1,낮음,1,6,주의,C
전북,전주시 완산구,52111,1995.0,31.0,30-50년,노후,5,1.09,낮음,1,6,주의,C
전북,전주시 완산구,52111,1992.0,34.0,30-50년,노후,5,100.0,매우높음,4,9,위험,E
전북,전주시 완산구,52111,1966.0,60.0,50-100년,고령,6,100.0,매우높음,4,10,위험,E
전북,전주시 완산구,52111,1973.0,53.0,50-100년,고령,6,59.5,매우높음,4,10,위험,E
전북,전주시 완산구,52111,1987.0,39.0,30-50년,노후,5,8.15,낮음,1,6,주의,C
전북,전주시 완산구,52111,1990.0,36.0,30-50년,노후,5,8.83,낮음,1,6,주의,C
전북,전주시 완산구,52111,1973.0,53.0,50-100년,고령,6,99.83,매우높음,4,10,위험,E
전북,전주시 완산구,52111,1979.0,47.0,30-50년,노후,5,29.35,보통,2,7,경고,D
전북,전주시 완산구,52111,1977.0,49.0,30-50년,노후,5,69.52,매우높음,4,9,위험,E
전북,전주시 완산구,52111,1980.0,46.0,30-50년,노후,5,0.09,낮음,1,6,주의,C
전북,전주시 완산구,52111,1979.0,47.0,30-50년,노후,5,94.84,매우높음,4,9,위험,E
전북,전주시 완산구,52111,1991.0,35.0,30-50년,노후,5,93.13,매우높음,4,9,위험,E
전북,전주시 완산구,52111,1969.0,57.0,50-100년,고령,6,80.13,매우높음,4,10,위험,E
전북,전주시 완산구,52111,1994.0,32.0,30-50년,노후,5,80.06,매우높음,4,9,위험,E
전북,전주시 완산구,52111,1977.0,49.0,30-50년,노후,5,73.01,매우높음,4,9,위험,E
전북,전주시 완산구,52111,1979.0,47.0,30-50년,노후,5,81.66,매우높음,4,9,위험,E
전북,전주시 완산구,52111,1994.0,32.0,30-50년,노후,5,100.0,매우높음,4,9,위험,E
전북,전주시 완산구,52111,1978.0,48.0,30-50년,노후,5,67.6,매우높음,4,9,위험,E
전북,전주시 완산구,52111,1993.0,33.0,30-50년,노후,5,49.93,높음,3,8,경고,D
전북,전주시 완산구,52111,1977.0,49.0,30-50년,노후,5,22.1,보통,2,7,경고,D
전북,전주시 완산구,52111,1995.0,31.0,30-50년,노후,5,72.63,매우높음,4,9,위험,E
전북,전주시 완산구,52111,1970.0,56.0,50-100년,고령,6,17.5,보통,2,8,경고,D
전북,전주시 완산구,52111,1966.0,60.0,50-100년,고령,6,9.75,낮음,1,7,경고,D
전북,전주시 완산구,52111,1987.0,39.0,30-50년,노후,5,2.07,낮음,1,6,주의,C
전북,전주시 완산구,52111,1977.0,49.0,30-50년,노후,5,29.23,보통,2,7,경고,D
전북,전주시 완산구,52111,1989.0,37.0,30-50년,노후,5,3.53,낮음,1,6,주의,C
전북,전주시 완산구,52111,1991.0,35.0,30-50년,노후,5,100.0,매우높음,4,9,위험,E
전북,전주시 완산구,52111,1992.0,34.0,30-50년,노후,5,2.52,낮음,1,6,주의,C
전북,전주시 완산구,52111,1992.0,34.0,30-50년,노후,5,0.3,낮음,1,6,주의,C
전북,전주시 완산구,52111,1994.0,32.0,30-50년,노후,5,28.8,보통,2,7,경고,D
전북,전주시 완산구,52111,1996.0,30.0,30-50년,노후,5,34.69,높음,3,8,경고,D
전북,전주시 완산구,52111,1995.0,31.0,30-50년,노후,5,100.0,매우높음,4,9,위험,E
전북,전주시 완산구,52111,1968.0,58.0,50-100년,고령,6,34.14,높음,3,9,위험,E
전북,전주시 완산구,52111,1992.0,34.0,30-50년,노후,5,22.27,보통,2,7,경고,D
전북,전주시 완산구,52111,1992.0,34.0,30-50년,노후,5,44.82,높음,3,8,경고,D
전북,전주시 완산구,52111,1993.0,33.0,30-50년,노후,5,9.27,낮음,1,6,주의,C
전북,전주시 완산구,52111,1980.0,46.0,30-50년,노후,5,6.36,낮음,1,6,주의,C
전북,전주시 완산구,52111,1982.0,44.0,30-50년,노후,5,99.64,매우높음,4,9,위험,E
전북,전주시 완산구,52111,1976.0,50.0,50-100년,고령,6,1.1,낮음,1,7,경고,D
전북,전주시 완산구,52111,1993.0,33.0,30-50년,노후,5,95.93,매우높음,4,9,위험,E
전북,전주시 완산구,52111,1973.0,53.0,50-100년,고령,6,100.0,매우높음,4,10,위험,E
전북,전주시 완산구,52111,1971.0,55.0,50-100년,고령,6,16.17,보통,2,8,경고,D
전북,전주시 완산구,52111,1993.0,33.0,30-50년,노후,5,100.0,매우높음,4,9,위험,E
전북,전주시 완산구,52111,1977.0,49.0,30-50년,노후,5,29.33,보통,2,7,경고,D
전북,전주시 완산구,52111,1976.0,50.0,50-100년,고령,6,39.32,높음,3,9,위험,E
전북,전주시 완산구,52111,1976.0,50.0,50-100년,고령,6,39.32,높음,3,9,위험,E
전북,전주시 완산구,52111,1978.0,48.0,30-50년,노후,5,33.77,높음,3,8,경고,D
전북,전주시 완산구,52111,1979.0,47.0,30-50년,노후,5,8.04,낮음,1,6,주의,C
전북,전주시 완산구,52111,1970.0,56.0,50-100년,고령,6,8.52,낮음,1,7,경고,D
전북,전주시 완산구,52111,1996.0,30.0,30-50년,노후,5,100.0,매우높음,4,9,위험,E
전북,전주시 완산구,52111,1989.0,37.0,30-50년,노후,5,10.52,보통,2,7,경고,D
전북,전주시 완산구,52111,1966.0,60.0,50-100년,고령,6,19.12,보통,2,8,경고,D
전북,전주시 완산구,52111,1977.0,49.0,30-50년,노후,5,0.74,낮음,1,6,주의,C
전북,전주시 완산구,52111,1970.0,56.0,50-100년,고령,6,100.0,매우높음,4,10,위험,E
전북,전주시 완산구,52111,1980.0,46.0,30-50년,노후,5,0.28,낮음,1,6,주의,C
전북,전주시 완산구,52111,1993.0,33.0,30-50년,노후,5,30.92,높음,3,8,경고,D
전북,전주시 완산구,52111,1973.0,53.0,50-100년,고령,6,93.68,매우높음,4,10,위험,E
전북,전주시 완산구,52111,1994.0,32.0,30-50년,노후,5,100.0,매우높음,4,9,위험,E
전북,전주시 완산구,52111,1995.0,31.0,30-50년,노후,5,19.46,보통,2,7,경고,D
전북,전주시 완산구,52111,1993.0,33.0,30-50년,노후,5,44.02,높음,3,8,경고,D
전북,전주시 완산구,52111,1994.0,32.0,30-50년,노후,5,35.64,높음,3,8,경고,D
전북,전주시 완산구,52111,1995.0,31.0,30-50년,노후,5,7.69,낮음,1,6,주의,C
전북,전주시 완산구,52111,1993.0,33.0,30-50년,노후,5,37.66,높음,3,8,경고,D
전북,전주시 완산구,52111,1983.0,43.0,30-50년,노후,5,43.98,높음,3,8,경고,D
전북,전주시 완산구,52111,1993.0,33.0,30-50년,노후,5,35.37,높음,3,8,경고,D
전북,전주시 완산구,52111,1992.0,34.0,30-50년,노후,5,90.4,매우높음,4,9,위험,E
전북,전주시 완산구,52111,1986.0,40.0,30-50년,노후,5,3.45,낮음,1,6,주의,C
전북,전주시 완산구,52111,1978.0,48.0,30-50년,노후,5,4.6,낮음,1,6,주의,C
전북,전주시 완산구,52111,1977.0,49.0,30-50년,노후,5,72.77,매우높음,4,9,위험,E
전북,전주시 완산구,52111,1980.0,46.0,30-50년,노후,5,0.0,낮음,1,6,주의,C
전북,전주시 완산구,52111,1995.0,31.0,30-50년,노후,5,15.71,보통,2,7,경고,D
전북,전주시 완산구,52111,1980.0,46.0,30-50년,노후,5,19.48,보통,2,7,경고,D
전북,전주시 완산구,52111,1975.0,51.0,50-100년,고령,6,10.14,보통,2,8,경고,D
전북,전주시 완산구,52111,1994.0,32.0,30-50년,노후,5,100.0,매우높음,4,9,위험,E
전북,전주시 완산구,52111,1973.0,53.0,50-100년,고령,6,74.35,매우높음,4,10,위험,E
전북,전주시 완산구,52111,1992.0,34.0,30-50년,노후,5,3.27,낮음,1,6,주의,C
전북,전주시 완산구,52111,1970.0,56.0,50-100년,고령,6,21.58,보통,2,8,경고,D
전북,전주시 완산구,52111,1996.0,30.0,30-50년,노후,5,43.8,높음,3,8,경고,D
전북,전주시 완산구,52111,1995.0,31.0,30-50년,노후,5,2.34,낮음,1,6,주의,C
전북,전주시 완산구,52111,1994.0,32.0,30-50년,노후,5,45.98,높음,3,8,경고,D
전북,전주시 완산구,52111,1980.0,46.0,30-50년,노후,5,62.37,매우높음,4,9,위험,E
전북,전주시 완산구,52111,1992.0,34.0,30-50년,노후,5,21.92,보통,2,7,경고,D
전북,전주시 완산구,52111,1980.0,46.0,30-50년,노후,5,56.07,매우높음,4,9,위험,E
전북,전주시 완산구,52111,1994.0,32.0,30-50년,노후,5,6.97,낮음,1,6,주의,C
전북,전주시 완산구,52111,1980.0,46.0,30-50년,노후,5,17.08,보통,2,7,경고,D
전북,전주시 완산구,52111,1991.0,35.0,30-50년,노후,5,6.05,낮음,1,6,주의,C
전북,전주시 완산구,52111,1994.0,32.0,30-50년,노후,5,23.57,보통,2,7,경고,D
전북,전주시 완산구,52111,1993.0,33.0,30-50년,노후,5,2.99,낮음,1,6,주의,C
전북,전주시 완산구,52111,1971.0,55.0,50-100년,고령,6,84.31,매우높음,4,10,위험,E
전북,전주시 완산구,52111,1978.0,48.0,30-50년,노후,5,20.2,보통,2,7,경고,D
전북,전주시 완산구,52111,1996.0,30.0,30-50년,노후,5,84.66,매우높음,4,9,위험,E
전북,전주시 완산구,52111,1984.0,42.0,30-50년,노후,5,0.05,낮음,1,6,주의,C
전북,전주시 완산구,52111,1973.0,53.0,50-100년,고령,6,14.91,보통,2,8,경고,D
전북,전주시 완산구,52111,1994.0,32.0,30-50년,노후,5,18.94,보통,2,7,경고,D
전북,전주시 완산구,52111,1979.0,47.0,30-50년,노후,5,1.94,낮음,1,6,주의,C
전북,전주시 완산구,52111,1978.0,48.0,30-50년,노후,5,39.81,높음,3,8,경고,D
전북,전주시 완산구,52111,1990.0,36.0,30-50년,노후,5,69.29,매우높음,4,9,위험,E
전북,전주시 완산구,52111,1990.0,36.0,30-50년,노후,5,29.25,보통,2,7,경고,D
전북,전주시 완산구,52111,1995.0,31.0,30-50년,노후,5,30.54,높음,3,8,경고,D
전북,전주시 완산구,52111,1974.0,52.0,50-100년,고령,6,0.06,낮음,1,7,경고,D
전북,전주시 완산구,52111,1968.0,58.0,50-100년,고령,6,82.3,매우높음,4,10,위험,E
전북,전주시 완산구,52111,1978.0,48.0,30-50년,노후,5,89.86,매우높음,4,9,위험,E
전북,전주시 완산구,52111,1977.0,49.0,30-50년,노후,5,87.42,매우높음,4,9,위험,E
전북,전주시 완산구,52111,1970.0,56.0,50-100년,고령,6,71.39,매우높음,4,10,위험,E
전북,전주시 완산구,52111,1967.0,59.0,50-100년,고령,6,24.39,보통,2,8,경고,D
전북,전주시 완산구,52111,1994.0,32.0,30-50년,노후,5,64.47,매우높음,4,9,위험,E
전북,전주시 완산구,52111,1993.0,33.0,30-50년,노후,5,13.06,보통,2,7,경고,D
전북,전주시 완산구,52111,1995.0,31.0,30-50년,노후,5,0.95,낮음,1,6,주의,C
전북,전주시 완산구,52111,1977.0,49.0,30-50년,노후,5,1.17,낮음,1,6,주의,C
전북,전주시 완산구,52111,1995.0,31.0,30-50년,노후,5,53.24,매우높음,4,9,위험,E
전북,전주시 완산구,52111,1992.0,34.0,30-50년,노후,5,13.76,보통,2,7,경고,D
전북,전주시 완산구,52111,1976.0,50.0,50-100년,고령,6,4.34,낮음,1,7,경고,D
전북,전주시 완산구,52111,1993.0,33.0,30-50년,노후,5,97.97,매우높음,4,9,위험,E
전북,전주시 완산구,52111,1989.0,37.0,30-50년,노후,5,28.74,보통,2,7,경고,D
전북,전주시 완산구,52111,1981.0,45.0,30-50년,노후,5,18.01,보통,2,7,경고,D
전북,전주시 완산구,52111,1995.0,31.0,30-50년,노후,5,1.76,낮음,1,6,주의,C
전북,전주시 완산구,52111,1991.0,35.0,30-50년,노후,5,80.2,매우높음,4,9,위험,E
전북,전주시 완산구,52111,1994.0,32.0,30-50년,노후,5,95.21,매우높음,4,9,위험,E
전북,전주시 완산구,52111,1992.0,34.0,30-50년,노후,5,3.09,낮음,1,6,주의,C
전북,전주시 완산구,52111,1993.0,33.0,30-50년,노후,5,53.78,매우높음,4,9,위험,E
전북,전주시 완산구,52111,1968.0,58.0,50-100년,고령,6,99.99,매우높음,4,10,위험,E
전북,전주시 완산구,52111,1992.0,34.0,30-50년,노후,5,100.0,매우높음,4,9,위험,E
전북,전주시 완산구,52111,1979.0,47.0,30-50년,노후,5,16.8,보통,2,7,경고,D
전북,전주시 완산구,52111,1995.0,31.0,30-50년,노후,5,32.78,높음,3,8,경고,D
전북,전주시 완산구,52111,1976.0,50.0,50-100년,고령,6,63.22,매우높음,4,10,위험,E
전북,전주시 완산구,52111,1978.0,48.0,30-50년,노후,5,77.3,매우높음,4,9,위험,E
전북,전주시 완산구,52111,1992.0,34.0,30-50년,노후,5,83.57,매우높음,4,9,위험,E
전북,전주시 완산구,52111,1969.0,57.0,50-100년,고령,6,59.25,매우높음,4,10,위험,E
전북,전주시 완산구,52111,1972.0,54.0,50-100년,고령,6,37.91,높음,3,9,위험,E
전북,전주시 완산구,52111,1970.0,56.0,50-100년,고령,6,0.14,낮음,1,7,경고,D
전북,전주시 완산구,52111,1965.0,61.0,50-100년,고령,6,96.07,매우높음,4,10,위험,E
전북,전주시 완산구,52111,1964.0,62.0,50-100년,고령,6,9.08,낮음,1,7,경고,D
전북,전주시 완산구,52111,1996.0,30.0,30-50년,노후,5,51.73,매우높음,4,9,위험,E
전북,전주시 완산구,52111,1987.0,39.0,30-50년,노후,5,39.8,높음,3,8,경고,D
전북,전주시 완산구,52111,1976.0,50.0,50-100년,고령,6,41.72,높음,3,9,위험,E
전북,전주시 완산구,52111,1972.0,54.0,50-100년,고령,6,9.23,낮음,1,7,경고,D
전북,전주시 완산구,52111,1992.0,34.0,30-50년,노후,5,72.45,매우높음,4,9,위험,E
전북,전주시 완산구,52111,1993.0,33.0,30-50년,노후,5,91.96,매우높음,4,9,위험,E
전북,전주시 완산구,52111,1993.0,33.0,30-50년,노후,5,15.08,보통,2,7,경고,D
전북,전주시 완산구,52111,1994.0,32.0,30-50년,노후,5,88.81,매우높음,4,9,위험,E
전북,전주시 완산구,52111,1991.0,35.0,30-50년,노후,5,99.28,매우높음,4,9,위험,E
전북,전주시 완산구,52111,1993.0,33.0,30-50년,노후,5,93.29,매우높음,4,9,위험,E
전북,전주시 완산구,52111,1972.0,54.0,50-100년,고령,6,100.0,매우높음,4,10,위험,E
전북,전주시 완산구,52111,1991.0,35.0,30-50년,노후,5,21.32,보통,2,7,경고,D
전북,전주시 완산구,52111,1976.0,50.0,50-100년,고령,6,100.0,매우높음,4,10,위험,E
전북,전주시 완산구,52111,1979.0,47.0,30-50년,노후,5,21.09,보통,2,7,경고,D
전북,전주시 완산구,52111,1975.0,51.0,50-100년,고령,6,82.97,매우높음,4,10,위험,E
전북,전주시 완산구,52111,1980.0,46.0,30-50년,노후,5,6.7,낮음,1,6,주의,C
전북,전주시 완산구,52111,1971.0,55.0,50-100년,고령,6,72.64,매우높음,4,10,위험,E
전북,전주시 완산구,52111,1979.0,47.0,30-50년,노후,5,76.28,매우높음,4,9,위험,E
전북,전주시 완산구,52111,1970.0,56.0,50-100년,고령,6,100.0,매우높음,4,10,위험,E
전북,전주시 완산구,52111,1971.0,55.0,50-100년,고령,6,44.0,높음,3,9,위험,E
전북,전주시 완산구,52111,1993.0,33.0,30-50년,노후,5,2.88,낮음,1,6,주의,C
전북,전주시 완산구,52111,1993.0,33.0,30-50년,노후,5,0.08,낮음,1,6,주의,C
전북,전주시 완산구,52111,1992.0,34.0,30-50년,노후,5,14.27,보통,2,7,경고,D
전북,전주시 완산구,52111,1978.0,48.0,30-50년,노후,5,62.43,매우높음,4,9,위험,E
전북,전주시 완산구,52111,1995.0,31.0,30-50년,노후,5,0.1,낮음,1,6,주의,C
전북,전주시 완산구,52111,1990.0,36.0,30-50년,노후,5,1.85,낮음,1,6,주의,C
전북,전주시 완산구,52111,1971.0,55.0,50-100년,고령,6,0.66,낮음,1,7,경고,D
전북,전주시 완산구,52111,1994.0,32.0,30-50년,노후,5,100.0,매우높음,4,9,위험,E
전북,전주시 완산구,52111,1974.0,52.0,50-100년,고령,6,31.92,높음,3,9,위험,E
전북,전주시 완산구,52111,1978.0,48.0,30-50년,노후,5,100.0,매우높음,4,9,위험,E
전북,전주시 완산구,52111,1976.0,50.0,50-100년,고령,6,3.64,낮음,1,7,경고,D
전북,전주시 완산구,52111,1993.0,33.0,30-50년,노후,5,100.0,매우높음,4,9,위험,E
전북,전주시 완산구,52111,1976.0,50.0,50-100년,고령,6,29.91,보통,2,8,경고,D
전북,전주시 완산구,52111,1992.0,34.0,30-50년,노후,5,3.25,낮음,1,6,주의,C
전북,전주시 완산구,52111,1992.0,34.0,30-50년,노후,5,90.01,매우높음,4,9,위험,E
전북,전주시 완산구,52111,1974.0,52.0,50-100년,고령,6,8.91,낮음,1,7,경고,D
전북,전주시 완산구,52111,1968.0,58.0,50-100년,고령,6,4.78,낮음,1,7,경고,D
전북,전주시 완산구,52111,1973.0,53.0,50-100년,고령,6,28.07,보통,2,8,경고,D
전북,전주시 완산구,52111,1975.0,51.0,50-100년,고령,6,100.0,매우높음,4,10,위험,E
전북,전주시 완산구,52111,1969.0,57.0,50-100년,고령,6,26.16,보통,2,8,경고,D
전북,전주시 완산구,52111,1993.0,33.0,30-50년,노후,5,2.22,낮음,1,6,주의,C
전북,전주시 완산구,52111,1993.0,33.0,30-50년,노후,5,7.21,낮음,1,6,주의,C
전북,전주시 완산구,52111,1976.0,50.0,50-100년,고령,6,99.49,매우높음,4,10,위험,E
전북,전주시 완산구,52111,1976.0,50.0,50-100년,고령,6,21.95,보통,2,8,경고,D
전북,전주시 완산구,52111,1992.0,34.0,30-50년,노후,5,25.76,보통,2,7,경고,D
전북,전주시 완산구,52111,1992.0,34.0,30-50년,노후,5,58.86,매우높음,4,9,위험,E
전북,전주시 완산구,52111,1980.0,46.0,30-50년,노후,5,10.36,보통,2,7,경고,D
전북,전주시 완산구,52111,1986.0,40.0,30-50년,노후,5,46.99,높음,3,8,경고,D
전북,전주시 완산구,52111,1991.0,35.0,30-50년,노후,5,100.0,매우높음,4,9,위험,E
전북,전주시 완산구,52111,1979.0,47.0,30-50년,노후,5,10.21,보통,2,7,경고,D
전북,전주시 완산구,52111,1986.0,40.0,30-50년,노후,5,0.14,낮음,1,6,주의,C
전북,전주시 완산구,52111,1992.0,34.0,30-50년,노후,5,10.39,보통,2,7,경고,D
전북,전주시 완산구,52111,1994.0,32.0,30-50년,노후,5,23.2,보통,2,7,경고,D
전북,전주시 완산구,52111,1992.0,34.0,30-50년,노후,5,0.13,낮음,1,6,주의,C
전북,전주시 완산구,52111,1969.0,57.0,50-100년,고령,6,100.0,매우높음,4,10,위험,E
전북,전주시 완산구,52111,1967.0,59.0,50-100년,고령,6,100.0,매우높음,4,10,위험,E
전북,전주시 완산구,52111,1996.0,30.0,30-50년,노후,5,1.07,낮음,1,6,주의,C
전북,전주시 완산구,52111,1973.0,53.0,50-100년,고령,6,0.85,낮음,1,7,경고,D
전북,전주시 완산구,52111,1994.0,32.0,30-50년,노후,5,12.69,보통,2,7,경고,D
전북,전주시 완산구,52111,1972.0,54.0,50-100년,고령,6,6.65,낮음,1,7,경고,D
전북,전주시 완산구,52111,1968.0,58.0,50-100년,고령,6,27.18,보통,2,8,경고,D
전북,전주시 완산구,52111,1980.0,46.0,30-50년,노후,5,13.53,보통,2,7,경고,D
전북,전주시 완산구,52111,1989.0,37.0,30-50년,노후,5,3.82,낮음,1,6,주의,C
전북,전주시 완산구,52111,1977.0,49.0,30-50년,노후,5,47.9,높음,3,8,경고,D
전북,전주시 완산구,52111,1976.0,50.0,50-100년,고령,6,71.54,매우높음,4,10,위험,E
전북,전주시 완산구,52111,1988.0,38.0,30-50년,노후,5,41.51,높음,3,8,경고,D
전북,전주시 완산구,52111,1980.0,46.0,30-50년,노후,5,11.46,보통,2,7,경고,D
전북,전주시 완산구,52111,1965.0,61.0,50-100년,고령,6,94.12,매우높음,4,10,위험,E
전북,전주시 완산구,52111,1989.0,37.0,30-50년,노후,5,27.52,보통,2,7,경고,D
전북,전주시 완산구,52111,1994.0,32.0,30-50년,노후,5,1.03,낮음,1,6,주의,C
전북,전주시 완산구,52111,1995.0,31.0,30-50년,노후,5,98.19,매우높음,4,9,위험,E
전북,전주시 완산구,52111,1991.0,35.0,30-50년,노후,5,4.06,낮음,1,6,주의,C
전북,전주시 완산구,52111,1992.0,34.0,30-50년,노후,5,6.82,낮음,1,6,주의,C
전북,전주시 완산구,52111,1992.0,34.0,30-50년,노후,5,5.29,낮음,1,6,주의,C
전북,전주시 완산구,52111,1978.0,48.0,30-50년,노후,5,100.0,매우높음,4,9,위험,E
전북,전주시 완산구,52111,1978.0,48.0,30-50년,노후,5,3.8,낮음,1,6,주의,C
전북,전주시 완산구,52111,1982.0,44.0,30-50년,노후,5,24.19,보통,2,7,경고,D
전북,전주시 완산구,52111,1971.0,55.0,50-100년,고령,6,35.72,높음,3,9,위험,E
전북,전주시 완산구,52111,1993.0,33.0,30-50년,노후,5,0.0,낮음,1,6,주의,C
전북,전주시 완산구,52111,1969.0,57.0,50-100년,고령,6,59.98,매우높음,4,10,위험,E
전북,전주시 완산구,52111,1973.0,53.0,50-100년,고령,6,48.67,높음,3,9,위험,E
전북,전주시 완산구,52111,1980.0,46.0,30-50년,노후,5,13.44,보통,2,7,경고,D
전북,전주시 완산구,52111,1971.0,55.0,50-100년,고령,6,1.76,낮음,1,7,경고,D
전북,전주시 완산구,52111,1982.0,44.0,30-50년,노후,5,69.77,매우높음,4,9,위험,E
전북,전주시 완산구,52111,1979.0,47.0,30-50년,노후,5,21.92,보통,2,7,경고,D
전북,전주시 완산구,52111,1994.0,32.0,30-50년,노후,5,0.01,낮음,1,6,주의,C
전북,전주시 완산구,52111,1980.0,46.0,30-50년,노후,5,23.29,보통,2,7,경고,D
전북,전주시 완산구,52111,1980.0,46.0,30-50년,노후,5,18.46,보통,2,7,경고,D
전북,전주시 완산구,52111,1989.0,37.0,30-50년,노후,5,52.3,매우높음,4,9,위험,E
전북,전주시 완산구,52111,1995.0,31.0,30-50년,노후,5,0.73,낮음,1,6,주의,C
전북,전주시 완산구,52111,1980.0,46.0,30-50년,노후,5,3.01,낮음,1,6,주의,C
전북,전주시 완산구,52111,1975.0,51.0,50-100년,고령,6,0.05,낮음,1,7,경고,D
전북,전주시 완산구,52111,1978.0,48.0,30-50년,노후,5,3.83,낮음,1,6,주의,C
전북,전주시 완산구,52111,1992.0,34.0,30-50년,노후,5,64.64,매우높음,4,9,위험,E
전북,전주시 완산구,52111,1970.0,56.0,50-100년,고령,6,3.6,낮음,1,7,경고,D
전북,전주시 완산구,52111,1975.0,51.0,50-100년,고령,6,50.43,매우높음,4,10,위험,E
전북,전주시 완산구,52111,1994.0,32.0,30-50년,노후,5,52.25,매우높음,4,9,위험,E
전북,전주시 완산구,52111,1972.0,54.0,50-100년,고령,6,42.67,높음,3,9,위험,E
전북,전주시 완산구,52111,1993.0,33.0,30-50년,노후,5,100.0,매우높음,4,9,위험,E
전북,전주시 완산구,52111,1979.0,47.0,30-50년,노후,5,41.76,높음,3,8,경고,D
전북,전주시 완산구,52111,1969.0,57.0,50-100년,고령,6,33.82,높음,3,9,위험,E
전북,전주시 완산구,52111,1970.0,56.0,50-100년,고령,6,99.92,매우높음,4,10,위험,E
전북,전주시 완산구,52111,1995.0,31.0,30-50년,노후,5,25.43,보통,2,7,경고,D
전북,전주시 완산구,52111,1995.0,31.0,30-50년,노후,5,3.91,낮음,1,6,주의,C
전북,전주시 완산구,52111,1993.0,33.0,30-50년,노후,5,10.52,보통,2,7,경고,D
전북,전주시 완산구,52111,1996.0,30.0,30-50년,노후,5,3.51,낮음,1,6,주의,C
전북,전주시 완산구,52111,1993.0,33.0,30-50년,노후,5,11.55,보통,2,7,경고,D
전북,전주시 완산구,52111,1991.0,35.0,30-50년,노후,5,100.0,매우높음,4,9,위험,E
전북,전주시 완산구,52111,1976.0,50.0,50-100년,고령,6,15.1,보통,2,8,경고,D
전북,전주시 완산구,52111,1990.0,36.0,30-50년,노후,5,6.73,낮음,1,6,주의,C
전북,전주시 완산구,52111,1992.0,34.0,30-50년,노후,5,27.37,보통,2,7,경고,D
전북,전주시 완산구,52111,1975.0,51.0,50-100년,고령,6,18.56,보통,2,8,경고,D
전북,전주시 완산구,52111,1972.0,54.0,50-100년,고령,6,28.1,보통,2,8,경고,D
전북,전주시 완산구,52111,1979.0,47.0,30-50년,노후,5,3.0,낮음,1,6,주의,C
전북,전주시 완산구,52111,1977.0,49.0,30-50년,노후,5,88.19,매우높음,4,9,위험,E
전북,전주시 완산구,52111,1989.0,37.0,30-50년,노후,5,57.95,매우높음,4,9,위험,E
전북,전주시 완산구,52111,1970.0,56.0,50-100년,고령,6,29.4,보통,2,8,경고,D
전북,전주시 완산구,52111,1993.0,33.0,30-50년,노후,5,52.3,매우높음,4,9,위험,E
전북,전주시 완산구,52111,1996.0,30.0,30-50년,노후,5,91.87,매우높음,4,9,위험,E
전북,전주시 완산구,52111,1978.0,48.0,30-50년,노후,5,21.05,보통,2,7,경고,D
전북,전주시 완산구,52111,1978.0,48.0,30-50년,노후,5,0.0,낮음,1,6,주의,C
전북,전주시 완산구,52111,1978.0,48.0,30-50년,노후,5,92.12,매우높음,4,9,위험,E
전북,전주시 완산구,52111,1994.0,32.0,30-50년,노후,5,42.35,높음,3,8,경고,D
전북,전주시 완산구,52111,1980.0,46.0,30-50년,노후,5,5.17,낮음,1,6,주의,C
전북,전주시 완산구,52111,1992.0,34.0,30-50년,노후,5,100.0,매우높음,4,9,위험,E
전북,전주시 완산구,52111,1993.0,33.0,30-50년,노후,5,1.16,낮음,1,6,주의,C
전북,전주시 완산구,52111,1991.0,35.0,30-50년,노후,5,31.67,높음,3,8,경고,D
전북,전주시 완산구,52111,1976.0,50.0,50-100년,고령,6,16.47,보통,2,8,경고,D
전북,전주시 완산구,52111,1977.0,49.0,30-50년,노후,5,1.67,낮음,1,6,주의,C
전북,전주시 완산구,52111,1980.0,46.0,30-50년,노후,5,50.15,매우높음,4,9,위험,E
전북,전주시 완산구,52111,1980.0,46.0,30-50년,노후,5,8.28,낮음,1,6,주의,C
전북,전주시 완산구,52111,1978.0,48.0,30-50년,노후,5,98.85,매우높음,4,9,위험,E
전북,전주시 완산구,52111,1987.0,39.0,30-50년,노후,5,9.66,낮음,1,6,주의,C
전북,전주시 완산구,52111,1980.0,46.0,30-50년,노후,5,2.94,낮음,1,6,주의,C
전북,전주시 완산구,52111,1994.0,32.0,30-50년,노후,5,1.22,낮음,1,6,주의,C
전북,전주시 완산구,52111,1981.0,45.0,30-50년,노후,5,2.56,낮음,1,6,주의,C
전북,전주시 완산구,52111,1985.0,41.0,30-50년,노후,5,0.1,낮음,1,6,주의,C
전북,전주시 완산구,52111,1970.0,56.0,50-100년,고령,6,82.85,매우높음,4,10,위험,E
전북,전주시 완산구,52111,1990.0,36.0,30-50년,노후,5,61.83,매우높음,4,9,위험,E
전북,전주시 완산구,52111,1995.0,31.0,30-50년,노후,5,100.0,매우높음,4,9,위험,E
전북,전주시 완산구,52111,1996.0,30.0,30-50년,노후,5,34.43,높음,3,8,경고,D
전북,전주시 완산구,52111,1980.0,46.0,30-50년,노후,5,1.31,낮음,1,6,주의,C
전북,전주시 완산구,52111,1992.0,34.0,30-50년,노후,5,4.96,낮음,1,6,주의,C
전북,전주시 완산구,52111,1976.0,50.0,50-100년,고령,6,33.09,높음,3,9,위험,E
전북,전주시 완산구,52111,1981.0,45.0,30-50년,노후,5,19.11,보통,2,7,경고,D
전북,전주시 완산구,52111,1979.0,47.0,30-50년,노후,5,0.57,낮음,1,6,주의,C
전북,전주시 완산구,52111,1991.0,35.0,30-50년,노후,5,100.0,매우높음,4,9,위험,E
전북,전주시 완산구,52111,1981.0,45.0,30-50년,노후,5,97.46,매우높음,4,9,위험,E
전북,전주시 완산구,52111,1981.0,45.0,30-50년,노후,5,1.41,낮음,1,6,주의,C
전북,전주시 완산구,52111,1984.0,42.0,30-50년,노후,5,28.05,보통,2,7,경고,D
전북,전주시 완산구,52111,1993.0,33.0,30-50년,노후,5,86.52,매우높음,4,9,위험,E
전북,전주시 완산구,52111,1974.0,52.0,50-100년,고령,6,7.07,낮음,1,7,경고,D
전북,전주시 완산구,52111,1994.0,32.0,30-50년,노후,5,2.11,낮음,1,6,주의,C
전북,전주시 완산구,52111,1993.0,33.0,30-50년,노후,5,0.12,낮음,1,6,주의,C
전북,전주시 완산구,52111,1986.0,40.0,30-50년,노후,5,0.01,낮음,1,6,주의,C
전북,전주시 완산구,52111,1989.0,37.0,30-50년,노후,5,49.34,높음,3,8,경고,D
전북,전주시 완산구,52111,1974.0,52.0,50-100년,고령,6,30.28,높음,3,9,위험,E
전북,전주시 완산구,52111,1992.0,34.0,30-50년,노후,5,8.63,낮음,1,6,주의,C
전북,전주시 완산구,52111,1989.0,37.0,30-50년,노후,5,25.43,보통,2,7,경고,D
전북,전주시 완산구,52111,1968.0,58.0,50-100년,고령,6,21.38,보통,2,8,경고,D
전북,전주시 완산구,52111,1991.0,35.0,30-50년,노후,5,100.0,매우높음,4,9,위험,E
전북,전주시 완산구,52111,1970.0,56.0,50-100년,고령,6,37.49,높음,3,9,위험,E
전북,전주시 완산구,52111,1971.0,55.0,50-100년,고령,6,3.29,낮음,1,7,경고,D
전북,전주시 완산구,52111,1979.0,47.0,30-50년,노후,5,69.43,매우높음,4,9,위험,E
전북,전주시 완산구,52111,1978.0,48.0,30-50년,노후,5,3.58,낮음,1,6,주의,C
전북,전주시 완산구,52111,1992.0,34.0,30-50년,노후,5,2.28,낮음,1,6,주의,C
전북,전주시 완산구,52111,1994.0,32.0,30-50년,노후,5,91.26,매우높음,4,9,위험,E
전북,전주시 완산구,52111,1978.0,48.0,30-50년,노후,5,31.56,높음,3,8,경고,D
전북,전주시 완산구,52111,1977.0,49.0,30-50년,노후,5,69.4,매우높음,4,9,위험,E
전북,전주시 완산구,52111,1980.0,46.0,30-50년,노후,5,87.54,매우높음,4,9,위험,E
전북,전주시 완산구,52111,1981.0,45.0,30-50년,노후,5,1.05,낮음,1,6,주의,C
전북,전주시 완산구,52111,1972.0,54.0,50-100년,고령,6,81.21,매우높음,4,10,위험,E
전북,전주시 완산구,52111,1979.0,47.0,30-50년,노후,5,100.0,매우높음,4,9,위험,E
전북,전주시 완산구,52111,1980.0,46.0,30-50년,노후,5,21.38,보통,2,7,경고,D
전북,전주시 완산구,52111,1971.0,55.0,50-100년,고령,6,14.2,보통,2,8,경고,D
전북,전주시 완산구,52111,1978.0,48.0,30-50년,노후,5,61.89,매우높음,4,9,위험,E
전북,전주시 완산구,52111,1993.0,33.0,30-50년,노후,5,97.93,매우높음,4,9,위험,E
전북,전주시 완산구,52111,1993.0,33.0,30-50년,노후,5,100.0,매우높음,4,9,위험,E
전북,전주시 완산구,52111,1992.0,34.0,30-50년,노후,5,4.32,낮음,1,6,주의,C
전북,전주시 완산구,52111,1991.0,35.0,30-50년,노후,5,35.26,높음,3,8,경고,D
전북,전주시 완산구,52111,1993.0,33.0,30-50년,노후,5,1.92,낮음,1,6,주의,C
전북,전주시 완산구,52111,1985.0,41.0,30-50년,노후,5,2.87,낮음,1,6,주의,C
전북,전주시 완산구,52111,1991.0,35.0,30-50년,노후,5,8.01,낮음,1,6,주의,C
전북,전주시 완산구,52111,1995.0,31.0,30-50년,노후,5,100.0,매우높음,4,9,위험,E
전북,전주시 완산구,52111,1980.0,46.0,30-50년,노후,5,18.1,보통,2,7,경고,D
전북,전주시 완산구,52111,1975.0,51.0,50-100년,고령,6,26.26,보통,2,8,경고,D
전북,전주시 완산구,52111,1970.0,56.0,50-100년,고령,6,73.12,매우높음,4,10,위험,E
전북,전주시 완산구,52111,1995.0,31.0,30-50년,노후,5,65.46,매우높음,4,9,위험,E
전북,전주시 완산구,52111,1976.0,50.0,50-100년,고령,6,98.62,매우높음,4,10,위험,E
전북,전주시 완산구,52111,1993.0,33.0,30-50년,노후,5,38.13,높음,3,8,경고,D
전북,전주시 완산구,52111,1992.0,34.0,30-50년,노후,5,99.98,매우높음,4,9,위험,E
전북,전주시 완산구,52111,1983.0,43.0,30-50년,노후,5,92.76,매우높음,4,9,위험,E
전북,전주시 완산구,52111,1994.0,32.0,30-50년,노후,5,64.17,매우높음,4,9,위험,E
전북,전주시 완산구,52111,1978.0,48.0,30-50년,노후,5,86.5,매우높음,4,9,위험,E
전북,전주시 완산구,52111,1994.0,32.0,30-50년,노후,5,29.41,보통,2,7,경고,D
전북,전주시 완산구,52111,1994.0,32.0,30-50년,노후,5,100.0,매우높음,4,9,위험,E
전북,전주시 완산구,52111,1980.0,46.0,30-50년,노후,5,0.31,낮음,1,6,주의,C
전북,전주시 완산구,52111,1990.0,36.0,30-50년,노후,5,14.18,보통,2,7,경고,D
전북,전주시 완산구,52111,1978.0,48.0,30-50년,노후,5,95.6,매우높음,4,9,위험,E
전북,전주시 완산구,52111,1977.0,49.0,30-50년,노후,5,98.24,매우높음,4,9,위험,E
전북,전주시 완산구,52111,1977.0,49.0,30-50년,노후,5,35.73,높음,3,8,경고,D
전북,전주시 완산구,52111,1973.0,53.0,50-100년,고령,6,84.2,매우높음,4,10,위험,E
전북,전주시 완산구,52111,1993.0,33.0,30-50년,노후,5,0.27,낮음,1,6,주의,C
전북,전주시 완산구,52111,1979.0,47.0,30-50년,노후,5,0.82,낮음,1,6,주의,C
전북,전주시 완산구,52111,1980.0,46.0,30-50년,노후,5,3.92,낮음,1,6,주의,C
전북,전주시 완산구,52111,1980.0,46.0,30-50년,노후,5,7.9,낮음,1,6,주의,C
전북,전주시 완산구,52111,1992.0,34.0,30-50년,노후,5,37.95,높음,3,8,경고,D
전북,전주시 완산구,52111,1970.0,56.0,50-100년,고령,6,0.73,낮음,1,7,경고,D
전북,전주시 완산구,52111,1993.0,33.0,30-50년,노후,5,27.25,보통,2,7,경고,D
전북,전주시 완산구,52111,1983.0,43.0,30-50년,노후,5,100.0,매우높음,4,9,위험,E
전북,전주시 완산구,52111,1983.0,43.0,30-50년,노후,5,98.35,매우높음,4,9,위험,E
전북,전주시 완산구,52111,1969.0,57.0,50-100년,고령,6,1.74,낮음,1,7,경고,D
전북,전주시 완산구,52111,1976.0,50.0,50-100년,고령,6,20.5,보통,2,8,경고,D
전북,전주시 완산구,52111,1970.0,56.0,50-100년,고령,6,0.02,낮음,1,7,경고,D
전북,전주시 완산구,52111,1974.0,52.0,50-100년,고령,6,100.0,매우높음,4,10,위험,E
전북,전주시 완산구,52111,1969.0,57.0,50-100년,고령,6,36.01,높음,3,9,위험,E
전북,전주시 완산구,52111,1990.0,36.0,30-50년,노후,5,6.92,낮음,1,6,주의,C
전북,전주시 완산구,52111,1992.0,34.0,30-50년,노후,5,1.86,낮음,1,6,주의,C
전북,전주시 완산구,52111,1970.0,56.0,50-100년,고령,6,56.83,매우높음,4,10,위험,E
전북,전주시 완산구,52111,1992.0,34.0,30-50년,노후,5,16.11,보통,2,7,경고,D
전북,전주시 완산구,52111,1991.0,35.0,30-50년,노후,5,28.94,보통,2,7,경고,D
전북,전주시 완산구,52111,1988.0,38.0,30-50년,노후,5,4.89,낮음,1,6,주의,C
전북,전주시 완산구,52111,1973.0,53.0,50-100년,고령,6,100.0,매우높음,4,10,위험,E
전북,전주시 완산구,52111,1984.0,42.0,30-50년,노후,5,55.9,매우높음,4,9,위험,E
전북,전주시 완산구,52111,1974.0,52.0,50-100년,고령,6,5.43,낮음,1,7,경고,D
전북,전주시 완산구,52111,1970.0,56.0,50-100년,고령,6,94.78,매우높음,4,10,위험,E
전북,전주시 완산구,52111,1973.0,53.0,50-100년,고령,6,0.02,낮음,1,7,경고,D
전북,전주시 완산구,52111,1970.0,56.0,50-100년,고령,6,100.0,매우높음,4,10,위험,E
전북,전주시 완산구,52111,1970.0,56.0,50-100년,고령,6,24.67,보통,2,8,경고,D
전북,전주시 완산구,52111,1990.0,36.0,30-50년,노후,5,100.0,매우높음,4,9,위험,E
전북,전주시 완산구,52111,1979.0,47.0,30-50년,노후,5,39.16,높음,3,8,경고,D
전북,전주시 완산구,52111,1993.0,33.0,30-50년,노후,5,20.02,보통,2,7,경고,D
전북,전주시 완산구,52111,1978.0,48.0,30-50년,노후,5,97.97,매우높음,4,9,위험,E
전북,전주시 완산구,52111,1995.0,31.0,30-50년,노후,5,31.88,높음,3,8,경고,D
전북,전주시 완산구,52111,1969.0,57.0,50-100년,고령,6,32.51,높음,3,9,위험,E
전북,전주시 완산구,52111,1978.0,48.0,30-50년,노후,5,61.3,매우높음,4,9,위험,E
전북,전주시 완산구,52111,1980.0,46.0,30-50년,노후,5,7.73,낮음,1,6,주의,C
전북,전주시 완산구,52111,1978.0,48.0,30-50년,노후,5,0.83,낮음,1,6,주의,C
전북,전주시 완산구,52111,1994.0,32.0,30-50년,노후,5,1.9,낮음,1,6,주의,C
전북,전주시 완산구,52111,1974.0,52.0,50-100년,고령,6,8.57,낮음,1,7,경고,D
전북,전주시 완산구,52111,1993.0,33.0,30-50년,노후,5,52.78,매우높음,4,9,위험,E
전북,전주시 완산구,52111,1994.0,32.0,30-50년,노후,5,27.07,보통,2,7,경고,D
전북,전주시 완산구,52111,1973.0,53.0,50-100년,고령,6,100.0,매우높음,4,10,위험,E
전북,전주시 완산구,52111,1994.0,32.0,30-50년,노후,5,100.0,매우높음,4,9,위험,E
전북,전주시 완산구,52111,1973.0,53.0,50-100년,고령,6,22.24,보통,2,8,경고,D
전북,전주시 완산구,52111,1991.0,35.0,30-50년,노후,5,48.85,높음,3,8,경고,D
전북,전주시 완산구,52111,1990.0,36.0,30-50년,노후,5,3.99,낮음,1,6,주의,C
전북,전주시 완산구,52111,1996.0,30.0,30-50년,노후,5,37.12,높음,3,8,경고,D
전북,전주시 완산구,52111,1987.0,39.0,30-50년,노후,5,15.22,보통,2,7,경고,D
전북,전주시 완산구,52111,1974.0,52.0,50-100년,고령,6,100.0,매우높음,4,10,위험,E
전북,전주시 완산구,52111,1994.0,32.0,30-50년,노후,5,1.01,낮음,1,6,주의,C
전북,전주시 완산구,52111,1978.0,48.0,30-50년,노후,5,78.49,매우높음,4,9,위험,E
전북,전주시 완산구,52111,1977.0,49.0,30-50년,노후,5,20.51,보통,2,7,경고,D
전북,전주시 완산구,52111,1977.0,49.0,30-50년,노후,5,23.62,보통,2,7,경고,D
전북,전주시 완산구,52111,1979.0,47.0,30-50년,노후,5,0.03,낮음,1,6,주의,C
전북,전주시 완산구,52111,1995.0,31.0,30-50년,노후,5,0.02,낮음,1,6,주의,C
전북,전주시 완산구,52111,1977.0,49.0,30-50년,노후,5,29.89,보통,2,7,경고,D
전북,전주시 완산구,52111,1993.0,33.0,30-50년,노후,5,14.28,보통,2,7,경고,D
전북,전주시 완산구,52111,1989.0,37.0,30-50년,노후,5,100.0,매우높음,4,9,위험,E
전북,전주시 완산구,52111,1992.0,34.0,30-50년,노후,5,29.14,보통,2,7,경고,D
전북,전주시 완산구,52111,1993.0,33.0,30-50년,노후,5,84.61,매우높음,4,9,위험,E
전북,전주시 완산구,52111,1993.0,33.0,30-50년,노후,5,68.33,매우높음,4,9,위험,E
전북,전주시 완산구,52111,1980.0,46.0,30-50년,노후,5,58.99,매우높음,4,9,위험,E
전북,전주시 완산구,52111,1969.0,57.0,50-100년,고령,6,95.4,매우높음,4,10,위험,E
전북,전주시 완산구,52111,1974.0,52.0,50-100년,고령,6,27.01,보통,2,8,경고,D
전북,전주시 완산구,52111,1980.0,46.0,30-50년,노후,5,3.54,낮음,1,6,주의,C
전북,전주시 완산구,52111,1987.0,39.0,30-50년,노후,5,18.75,보통,2,7,경고,D
전북,전주시 완산구,52111,1972.0,54.0,50-100년,고령,6,6.93,낮음,1,7,경고,D
전북,전주시 완산구,52111,1985.0,41.0,30-50년,노후,5,32.81,높음,3,8,경고,D
전북,전주시 완산구,52111,1975.0,51.0,50-100년,고령,6,36.56,높음,3,9,위험,E
전북,전주시 완산구,52111,1992.0,34.0,30-50년,노후,5,95.91,매우높음,4,9,위험,E
전북,전주시 완산구,52111,1994.0,32.0,30-50년,노후,5,60.1,매우높음,4,9,위험,E
전북,전주시 완산구,52111,1990.0,36.0,30-50년,노후,5,4.82,낮음,1,6,주의,C
전북,전주시 완산구,52111,1973.0,53.0,50-100년,고령,6,73.23,매우높음,4,10,위험,E
전북,전주시 완산구,52111,1992.0,34.0,30-50년,노후,5,6.43,낮음,1,6,주의,C
전북,전주시 완산구,52111,1976.0,50.0,50-100년,고령,6,100.0,매우높음,4,10,위험,E
전북,전주시 완산구,52111,1993.0,33.0,30-50년,노후,5,53.33,매우높음,4,9,위험,E
전북,전주시 완산구,52111,1980.0,46.0,30-50년,노후,5,3.51,낮음,1,6,주의,C
전북,전주시 완산구,52111,1994.0,32.0,30-50년,노후,5,72.06,매우높음,4,9,위험,E
전북,전주시 완산구,52111,1992.0,34.0,30-50년,노후,5,46.68,높음,3,8,경고,D
전북,전주시 완산구,52111,1965.0,61.0,50-100년,고령,6,58.55,매우높음,4,10,위험,E
전북,전주시 완산구,52111,1992.0,34.0,30-50년,노후,5,96.39,매우높음,4,9,위험,E
전북,전주시 완산구,52111,1996.0,30.0,30-50년,노후,5,100.0,매우높음,4,9,위험,E
전북,전주시 완산구,52111,1992.0,34.0,30-50년,노후,5,100.0,매우높음,4,9,위험,E
전북,전주시 완산구,52111,1978.0,48.0,30-50년,노후,5,89.1,매우높음,4,9,위험,E
전북,전주시 완산구,52111,1980.0,46.0,30-50년,노후,5,55.53,매우높음,4,9,위험,E
전북,전주시 완산구,52111,1992.0,34.0,30-50년,노후,5,88.33,매우높음,4,9,위험,E
전북,전주시 완산구,52111,1976.0,50.0,50-100년,고령,6,3.75,낮음,1,7,경고,D
전북,전주시 완산구,52111,1955.0,71.0,50-100년,고령,6,98.99,매우높음,4,10,위험,E
전북,전주시 완산구,52111,1993.0,33.0,30-50년,노후,5,14.52,보통,2,7,경고,D
전북,전주시 완산구,52111,1995.0,31.0,30-50년,노후,5,88.15,매우높음,4,9,위험,E
전북,전주시 완산구,52111,1976.0,50.0,50-100년,고령,6,0.49,낮음,1,7,경고,D
전북,전주시 완산구,52111,1993.0,33.0,30-50년,노후,5,3.61,낮음,1,6,주의,C
전북,전주시 완산구,52111,1969.0,57.0,50-100년,고령,6,98.69,매우높음,4,10,위험,E
전북,전주시 완산구,52111,1993.0,33.0,30-50년,노후,5,8.18,낮음,1,6,주의,C
전북,전주시 완산구,52111,1992.0,34.0,30-50년,노후,5,45.57,높음,3,8,경고,D
전북,전주시 완산구,52111,1995.0,31.0,30-50년,노후,5,55.28,매우높음,4,9,위험,E
전북,전주시 완산구,52111,1977.0,49.0,30-50년,노후,5,17.21,보통,2,7,경고,D
전북,전주시 완산구,52111,1989.0,37.0,30-50년,노후,5,9.27,낮음,1,6,주의,C
전북,전주시 완산구,52111,1995.0,31.0,30-50년,노후,5,29.25,보통,2,7,경고,D
전북,전주시 완산구,52111,1993.0,33.0,30-50년,노후,5,22.02,보통,2,7,경고,D
전북,전주시 완산구,52111,1989.0,37.0,30-50년,노후,5,13.83,보통,2,7,경고,D
전북,전주시 완산구,52111,1993.0,33.0,30-50년,노후,5,0.39,낮음,1,6,주의,C
전북,전주시 완산구,52111,1975.0,51.0,50-100년,고령,6,58.47,매우높음,4,10,위험,E
전북,전주시 완산구,52111,1971.0,55.0,50-100년,고령,6,14.53,보통,2,8,경고,D
전북,전주시 완산구,52111,1989.0,37.0,30-50년,노후,5,100.0,매우높음,4,9,위험,E
전북,전주시 완산구,52111,1979.0,47.0,30-50년,노후,5,2.09,낮음,1,6,주의,C
전북,전주시 완산구,52111,1992.0,34.0,30-50년,노후,5,100.0,매우높음,4,9,위험,E
전북,전주시 완산구,52111,1991.0,35.0,30-50년,노후,5,100.0,매우높음,4,9,위험,E
전북,전주시 완산구,52111,1971.0,55.0,50-100년,고령,6,2.4,낮음,1,7,경고,D
전북,전주시 완산구,52111,1992.0,34.0,30-50년,노후,5,49.45,높음,3,8,경고,D
전북,전주시 완산구,52111,1992.0,34.0,30-50년,노후,5,0.01,낮음,1,6,주의,C
전북,전주시 완산구,52111,1980.0,46.0,30-50년,노후,5,100.0,매우높음,4,9,위험,E
전북,전주시 완산구,52111,1972.0,54.0,50-100년,고령,6,100.0,매우높음,4,10,위험,E
전북,전주시 완산구,52111,1971.0,55.0,50-100년,고령,6,0.01,낮음,1,7,경고,D
전북,전주시 완산구,52111,1982.0,44.0,30-50년,노후,5,0.09,낮음,1,6,주의,C
전북,전주시 완산구,52111,1993.0,33.0,30-50년,노후,5,99.34,매우높음,4,9,위험,E
전북,전주시 완산구,52111,1982.0,44.0,30-50년,노후,5,8.28,낮음,1,6,주의,C
전북,전주시 완산구,52111,1980.0,46.0,30-50년,노후,5,29.19,보통,2,7,경고,D
전북,전주시 완산구,52111,1992.0,34.0,30-50년,노후,5,1.05,낮음,1,6,주의,C
전북,전주시 완산구,52111,1982.0,44.0,30-50년,노후,5,36.68,높음,3,8,경고,D
전북,전주시 완산구,52111,1994.0,32.0,30-50년,노후,5,65.39,매우높음,4,9,위험,E
전북,전주시 완산구,52111,1979.0,47.0,30-50년,노후,5,79.12,매우높음,4,9,위험,E
전북,전주시 완산구,52111,1993.0,33.0,30-50년,노후,5,1.9,낮음,1,6,주의,C
전북,전주시 완산구,52111,1992.0,34.0,30-50년,노후,5,75.79,매우높음,4,9,위험,E
전북,전주시 완산구,52111,1994.0,32.0,30-50년,노후,5,75.85,매우높음,4,9,위험,E
전북,전주시 완산구,52111,1970.0,56.0,50-100년,고령,6,56.36,매우높음,4,10,위험,E
전북,전주시 완산구,52111,1969.0,57.0,50-100년,고령,6,100.0,매우높음,4,10,위험,E
전북,전주시 완산구,52111,1978.0,48.0,30-50년,노후,5,95.34,매우높음,4,9,위험,E
전북,전주시 완산구,52111,1974.0,52.0,50-100년,고령,6,70.73,매우높음,4,10,위험,E
전북,전주시 완산구,52111,1980.0,46.0,30-50년,노후,5,29.76,보통,2,7,경고,D
전북,전주시 완산구,52111,1993.0,33.0,30-50년,노후,5,100.0,매우높음,4,9,위험,E
전북,전주시 완산구,52111,1992.0,34.0,30-50년,노후,5,54.28,매우높음,4,9,위험,E
전북,전주시 완산구,52111,1974.0,52.0,50-100년,고령,6,29.71,보통,2,8,경고,D
전북,전주시 완산구,52111,1993.0,33.0,30-50년,노후,5,44.68,높음,3,8,경고,D
전북,전주시 완산구,52111,1978.0,48.0,30-50년,노후,5,100.0,매우높음,4,9,위험,E
전북,전주시 완산구,52111,1977.0,49.0,30-50년,노후,5,100.0,매우높음,4,9,위험,E
전북,전주시 완산구,52111,1973.0,53.0,50-100년,고령,6,0.39,낮음,1,7,경고,D
전북,전주시 완산구,52111,1993.0,33.0,30-50년,노후,5,98.55,매우높음,4,9,위험,E
전북,전주시 완산구,52111,1980.0,46.0,30-50년,노후,5,54.24,매우높음,4,9,위험,E
전북,전주시 완산구,52111,1979.0,47.0,30-50년,노후,5,63.96,매우높음,4,9,위험,E
전북,전주시 완산구,52111,1964.0,62.0,50-100년,고령,6,6.05,낮음,1,7,경고,D
전북,전주시 완산구,52111,1971.0,55.0,50-100년,고령,6,20.67,보통,2,8,경고,D
전북,전주시 완산구,52111,1971.0,55.0,50-100년,고령,6,71.66,매우높음,4,10,위험,E
전북,전주시 완산구,52111,1972.0,54.0,50-100년,고령,6,77.5,매우높음,4,10,위험,E
전북,전주시 완산구,52111,1968.0,58.0,50-100년,고령,6,40.8,높음,3,9,위험,E
전북,전주시 완산구,52111,1972.0,54.0,50-100년,고령,6,1.61,낮음,1,7,경고,D
전북,전주시 완산구,52111,1980.0,46.0,30-50년,노후,5,7.31,낮음,1,6,주의,C
전북,전주시 완산구,52111,1980.0,46.0,30-50년,노후,5,5.06,낮음,1,6,주의,C
전북,전주시 완산구,52111,1981.0,45.0,30-50년,노후,5,18.49,보통,2,7,경고,D
전북,전주시 완산구,52111,1969.0,57.0,50-100년,고령,6,100.0,매우높음,4,10,위험,E
전북,전주시 완산구,52111,1966.0,60.0,50-100년,고령,6,84.42,매우높음,4,10,위험,E
전북,전주시 완산구,52111,1966.0,60.0,50-100년,고령,6,69.94,매우높음,4,10,위험,E
전북,전주시 완산구,52111,1994.0,32.0,30-50년,노후,5,54.37,매우높음,4,9,위험,E
전북,전주시 완산구,52111,1971.0,55.0,50-100년,고령,6,52.99,매우높음,4,10,위험,E
전북,전주시 완산구,52111,1976.0,50.0,50-100년,고령,6,33.49,높음,3,9,위험,E
전북,전주시 완산구,52111,1965.0,61.0,50-100년,고령,6,2.66,낮음,1,7,경고,D
전북,전주시 완산구,52111,1970.0,56.0,50-100년,고령,6,100.0,매우높음,4,10,위험,E
전북,전주시 완산구,52111,1973.0,53.0,50-100년,고령,6,2.17,낮음,1,7,경고,D
전북,전주시 완산구,52111,1968.0,58.0,50-100년,고령,6,81.88,매우높음,4,10,위험,E
전북,전주시 완산구,52111,1979.0,47.0,30-50년,노후,5,67.0,매우높음,4,9,위험,E
전북,전주시 완산구,52111,1978.0,48.0,30-50년,노후,5,78.29,매우높음,4,9,위험,E
전북,전주시 완산구,52111,1974.0,52.0,50-100년,고령,6,9.92,낮음,1,7,경고,D
전북,전주시 완산구,52111,1996.0,30.0,30-50년,노후,5,94.26,매우높음,4,9,위험,E
전북,전주시 완산구,52111,1989.0,37.0,30-50년,노후,5,0.23,낮음,1,6,주의,C
전북,전주시 완산구,52111,1970.0,56.0,50-100년,고령,6,0.02,낮음,1,7,경고,D
전북,전주시 완산구,52111,1971.0,55.0,50-100년,고령,6,27.77,보통,2,8,경고,D
전북,전주시 완산구,52111,1975.0,51.0,50-100년,고령,6,2.86,낮음,1,7,경고,D
전북,전주시 완산구,52111,1965.0,61.0,50-100년,고령,6,100.0,매우높음,4,10,위험,E
전북,전주시 완산구,52111,1973.0,53.0,50-100년,고령,6,99.99,매우높음,4,10,위험,E
전북,전주시 완산구,52111,1988.0,38.0,30-50년,노후,5,9.47,낮음,1,6,주의,C
전북,전주시 완산구,52111,1970.0,56.0,50-100년,고령,6,37.28,높음,3,9,위험,E
전북,전주시 완산구,52111,1979.0,47.0,30-50년,노후,5,15.3,보통,2,7,경고,D
전북,전주시 완산구,52111,1983.0,43.0,30-50년,노후,5,30.41,높음,3,8,경고,D
전북,전주시 완산구,52111,1970.0,56.0,50-100년,고령,6,66.08,매우높음,4,10,위험,E
전북,전주시 완산구,52111,1976.0,50.0,50-100년,고령,6,58.93,매우높음,4,10,위험,E
전북,전주시 완산구,52111,1986.0,40.0,30-50년,노후,5,0.02,낮음,1,6,주의,C
전북,전주시 완산구,52111,1971.0,55.0,50-100년,고령,6,90.04,매우높음,4,10,위험,E
전북,전주시 완산구,52111,1987.0,39.0,30-50년,노후,5,4.6,낮음,1,6,주의,C
전북,전주시 완산구,52111,1979.0,47.0,30-50년,노후,5,12.91,보통,2,7,경고,D
전북,전주시 완산구,52111,1979.0,47.0,30-50년,노후,5,97.7,매우높음,4,9,위험,E
전북,전주시 완산구,52111,1987.0,39.0,30-50년,노후,5,0.35,낮음,1,6,주의,C
전북,전주시 완산구,52111,1969.0,57.0,50-100년,고령,6,67.61,매우높음,4,10,위험,E
전북,전주시 완산구,52111,1973.0,53.0,50-100년,고령,6,26.49,보통,2,8,경고,D
전북,전주시 완산구,52111,1980.0,46.0,30-50년,노후,5,1.26,낮음,1,6,주의,C
전북,전주시 완산구,52111,1993.0,33.0,30-50년,노후,5,1.61,낮음,1,6,주의,C
전북,전주시 완산구,52111,1993.0,33.0,30-50년,노후,5,31.17,높음,3,8,경고,D
전북,전주시 완산구,52111,1978.0,48.0,30-50년,노후,5,50.12,매우높음,4,9,위험,E
전북,전주시 완산구,52111,1992.0,34.0,30-50년,노후,5,75.56,매우높음,4,9,위험,E
전북,전주시 완산구,52111,1970.0,56.0,50-100년,고령,6,44.04,높음,3,9,위험,E
전북,전주시 완산구,52111,1966.0,60.0,50-100년,고령,6,1.43,낮음,1,7,경고,D
전북,전주시 완산구,52111,1975.0,51.0,50-100년,고령,6,0.0,낮음,1,7,경고,D
전북,전주시 완산구,52111,1994.0,32.0,30-50년,노후,5,58.51,매우높음,4,9,위험,E
전북,전주시 완산구,52111,1980.0,46.0,30-50년,노후,5,11.64,보통,2,7,경고,D
전북,전주시 완산구,52111,1993.0,33.0,30-50년,노후,5,28.41,보통,2,7,경고,D
전북,전주시 완산구,52111,1980.0,46.0,30-50년,노후,5,7.45,낮음,1,6,주의,C
전북,전주시 완산구,52111,1993.0,33.0,30-50년,노후,5,3.35,낮음,1,6,주의,C
전북,전주시 완산구,52111,1973.0,53.0,50-100년,고령,6,41.53,높음,3,9,위험,E
전북,전주시 완산구,52111,1972.0,54.0,50-100년,고령,6,7.34,낮음,1,7,경고,D
전북,전주시 완산구,52111,1977.0,49.0,30-50년,노후,5,100.0,매우높음,4,9,위험,E
전북,전주시 완산구,52111,1967.0,59.0,50-100년,고령,6,11.11,보통,2,8,경고,D
전북,전주시 완산구,52111,1970.0,56.0,50-100년,고령,6,100.0,매우높음,4,10,위험,E
전북,전주시 완산구,52111,1977.0,49.0,30-50년,노후,5,20.85,보통,2,7,경고,D
전북,전주시 완산구,52111,1992.0,34.0,30-50년,노후,5,18.15,보통,2,7,경고,D
전북,전주시 완산구,52111,1996.0,30.0,30-50년,노후,5,52.78,매우높음,4,9,위험,E
전북,전주시 완산구,52111,1993.0,33.0,30-50년,노후,5,75.98,매우높음,4,9,위험,E
전북,전주시 완산구,52111,1996.0,30.0,30-50년,노후,5,5.14,낮음,1,6,주의,C
전북,전주시 완산구,52111,1970.0,56.0,50-100년,고령,6,0.24,낮음,1,7,경고,D
전북,전주시 완산구,52111,1980.0,46.0,30-50년,노후,5,28.6,보통,2,7,경고,D
전북,전주시 완산구,52111,1996.0,30.0,30-50년,노후,5,55.14,매우높음,4,9,위험,E
전북,전주시 완산구,52111,1979.0,47.0,30-50년,노후,5,57.67,매우높음,4,9,위험,E
전북,전주시 완산구,52111,1973.0,53.0,50-100년,고령,6,5.81,낮음,1,7,경고,D
전북,전주시 완산구,52111,1977.0,49.0,30-50년,노후,5,2.01,낮음,1,6,주의,C
전북,전주시 완산구,52111,1992.0,34.0,30-50년,노후,5,100.0,매우높음,4,9,위험,E
전북,전주시 완산구,52111,1994.0,32.0,30-50년,노후,5,81.6,매우높음,4,9,위험,E
전북,전주시 완산구,52111,1990.0,36.0,30-50년,노후,5,0.25,낮음,1,6,주의,C
전북,전주시 완산구,52111,1985.0,41.0,30-50년,노후,5,0.31,낮음,1,6,주의,C
전북,전주시 완산구,52111,1994.0,32.0,30-50년,노후,5,4.86,낮음,1,6,주의,C
전북,전주시 완산구,52111,1959.0,67.0,50-100년,고령,6,80.68,매우높음,4,10,위험,E
전북,전주시 완산구,52111,1993.0,33.0,30-50년,노후,5,66.45,매우높음,4,9,위험,E
전북,전주시 완산구,52111,1971.0,55.0,50-100년,고령,6,100.0,매우높음,4,10,위험,E
전북,전주시 완산구,52111,1969.0,57.0,50-100년,고령,6,42.78,높음,3,9,위험,E
전북,전주시 완산구,52111,1976.0,50.0,50-100년,고령,6,17.08,보통,2,8,경고,D
전북,전주시 완산구,52111,1970.0,56.0,50-100년,고령,6,6.28,낮음,1,7,경고,D
전북,전주시 완산구,52111,1992.0,34.0,30-50년,노후,5,99.53,매우높음,4,9,위험,E
전북,전주시 완산구,52111,1992.0,34.0,30-50년,노후,5,100.0,매우높음,4,9,위험,E
전북,전주시 완산구,52111,1980.0,46.0,30-50년,노후,5,19.2,보통,2,7,경고,D
전북,전주시 완산구,52111,1995.0,31.0,30-50년,노후,5,29.75,보통,2,7,경고,D
전북,전주시 완산구,52111,1971.0,55.0,50-100년,고령,6,95.03,매우높음,4,10,위험,E
전북,전주시 완산구,52111,1970.0,56.0,50-100년,고령,6,7.13,낮음,1,7,경고,D
전북,전주시 완산구,52111,1979.0,47.0,30-50년,노후,5,0.94,낮음,1,6,주의,C
전북,전주시 완산구,52111,1979.0,47.0,30-50년,노후,5,4.04,낮음,1,6,주의,C
전북,전주시 완산구,52111,1983.0,43.0,30-50년,노후,5,2.07,낮음,1,6,주의,C
전북,전주시 완산구,52111,1969.0,57.0,50-100년,고령,6,84.88,매우높음,4,10,위험,E
전북,전주시 완산구,52111,1995.0,31.0,30-50년,노후,5,100.0,매우높음,4,9,위험,E
전북,전주시 완산구,52111,1993.0,33.0,30-50년,노후,5,2.6,낮음,1,6,주의,C
전북,전주시 완산구,52111,1968.0,58.0,50-100년,고령,6,27.42,보통,2,8,경고,D
전북,전주시 완산구,52111,1967.0,59.0,50-100년,고령,6,100.0,매우높음,4,10,위험,E
전북,전주시 완산구,52111,1993.0,33.0,30-50년,노후,5,0.2,낮음,1,6,주의,C
전북,전주시 완산구,52111,1980.0,46.0,30-50년,노후,5,18.56,보통,2,7,경고,D
전북,전주시 완산구,52111,1991.0,35.0,30-50년,노후,5,64.98,매우높음,4,9,위험,E
전북,전주시 완산구,52111,1977.0,49.0,30-50년,노후,5,47.41,높음,3,8,경고,D
전북,전주시 완산구,52111,1971.0,55.0,50-100년,고령,6,1.87,낮음,1,7,경고,D
전북,전주시 완산구,52111,1987.0,39.0,30-50년,노후,5,17.19,보통,2,7,경고,D
전북,전주시 완산구,52111,1993.0,33.0,30-50년,노후,5,100.0,매우높음,4,9,위험,E
전북,전주시 완산구,52111,1980.0,46.0,30-50년,노후,5,65.09,매우높음,4,9,위험,E
전북,전주시 완산구,52111,1976.0,50.0,50-100년,고령,6,98.74,매우높음,4,10,위험,E
전북,전주시 완산구,52111,1992.0,34.0,30-50년,노후,5,31.81,높음,3,8,경고,D
전북,전주시 완산구,52111,1972.0,54.0,50-100년,고령,6,49.83,높음,3,9,위험,E
전북,전주시 완산구,52111,1989.0,37.0,30-50년,노후,5,10.28,보통,2,7,경고,D
전북,전주시 완산구,52111,1996.0,30.0,30-50년,노후,5,68.2,매우높음,4,9,위험,E
전북,전주시 완산구,52111,1995.0,31.0,30-50년,노후,5,29.64,보통,2,7,경고,D
전북,전주시 완산구,52111,1982.0,44.0,30-50년,노후,5,35.71,높음,3,8,경고,D
전북,전주시 완산구,52111,1990.0,36.0,30-50년,노후,5,20.71,보통,2,7,경고,D
전북,전주시 완산구,52111,1992.0,34.0,30-50년,노후,5,13.16,보통,2,7,경고,D
전북,전주시 완산구,52111,1990.0,36.0,30-50년,노후,5,15.33,보통,2,7,경고,D
전북,전주시 완산구,52111,1992.0,34.0,30-50년,노후,5,0.27,낮음,1,6,주의,C
전북,전주시 완산구,52111,1985.0,41.0,30-50년,노후,5,19.0,보통,2,7,경고,D
전북,전주시 완산구,52111,1985.0,41.0,30-50년,노후,5,22.13,보통,2,7,경고,D
전북,전주시 완산구,52111,1979.0,47.0,30-50년,노후,5,13.35,보통,2,7,경고,D
전북,전주시 완산구,52111,1969.0,57.0,50-100년,고령,6,34.28,높음,3,9,위험,E
전북,전주시 완산구,52111,1987.0,39.0,30-50년,노후,5,26.09,보통,2,7,경고,D
전북,전주시 완산구,52111,1980.0,46.0,30-50년,노후,5,55.77,매우높음,4,9,위험,E
전북,전주시 완산구,52111,1995.0,31.0,30-50년,노후,5,1.17,낮음,1,6,주의,C
전북,전주시 완산구,52111,1994.0,32.0,30-50년,노후,5,6.93,낮음,1,6,주의,C
전북,전주시 완산구,52111,1994.0,32.0,30-50년,노후,5,4.51,낮음,1,6,주의,C
전북,전주시 완산구,52111,1994.0,32.0,30-50년,노후,5,41.56,높음,3,8,경고,D
전북,전주시 완산구,52111,1994.0,32.0,30-50년,노후,5,6.92,낮음,1,6,주의,C
전북,전주시 완산구,52111,1980.0,46.0,30-50년,노후,5,84.31,매우높음,4,9,위험,E
전북,전주시 완산구,52111,1978.0,48.0,30-50년,노후,5,0.11,낮음,1,6,주의,C
전북,전주시 완산구,52111,1996.0,30.0,30-50년,노후,5,2.05,낮음,1,6,주의,C
전북,전주시 완산구,52111,1984.0,42.0,30-50년,노후,5,88.28,매우높음,4,9,위험,E
전북,전주시 완산구,52111,1984.0,42.0,30-50년,노후,5,10.07,보통,2,7,경고,D
전북,전주시 완산구,52111,1980.0,46.0,30-50년,노후,5,12.29,보통,2,7,경고,D
전북,전주시 완산구,52111,1980.0,46.0,30-50년,노후,5,100.0,매우높음,4,9,위험,E
전북,전주시 완산구,52111,1980.0,46.0,30-50년,노후,5,97.25,매우높음,4,9,위험,E
전북,전주시 완산구,52111,1980.0,46.0,30-50년,노후,5,68.94,매우높음,4,9,위험,E
전북,전주시 완산구,52111,1980.0,46.0,30-50년,노후,5,12.57,보통,2,7,경고,D
전북,전주시 완산구,52111,1980.0,46.0,30-50년,노후,5,13.36,보통,2,7,경고,D
전북,전주시 완산구,52111,1980.0,46.0,30-50년,노후,5,16.86,보통,2,7,경고,D
전북,전주시 완산구,52111,1990.0,36.0,30-50년,노후,5,30.52,높음,3,8,경고,D
전북,전주시 완산구,52111,1990.0,36.0,30-50년,노후,5,61.07,매우높음,4,9,위험,E
전북,전주시 완산구,52111,1990.0,36.0,30-50년,노후,5,19.15,보통,2,7,경고,D
전북,전주시 완산구,52111,1989.0,37.0,30-50년,노후,5,40.37,높음,3,8,경고,D
전북,전주시 완산구,52111,1989.0,37.0,30-50년,노후,5,34.46,높음,3,8,경고,D
전북,전주시 완산구,52111,1989.0,37.0,30-50년,노후,5,29.71,보통,2,7,경고,D
전북,전주시 완산구,52111,1989.0,37.0,30-50년,노후,5,38.0,높음,3,8,경고,D
전북,전주시 완산구,52111,1989.0,37.0,30-50년,노후,5,49.96,높음,3,8,경고,D
전북,전주시 완산구,52111,1989.0,37.0,30-50년,노후,5,22.13,보통,2,7,경고,D
전북,전주시 완산구,52111,1989.0,37.0,30-50년,노후,5,48.62,높음,3,8,경고,D
전북,전주시 완산구,52111,1994.0,32.0,30-50년,노후,5,17.12,보통,2,7,경고,D
전북,전주시 완산구,52111,1994.0,32.0,30-50년,노후,5,13.19,보통,2,7,경고,D
전북,전주시 완산구,52111,1994.0,32.0,30-50년,노후,5,3.54,낮음,1,6,주의,C
전북,전주시 완산구,52111,1994.0,32.0,30-50년,노후,5,1.4,낮음,1,6,주의,C
전북,전주시 완산구,52111,1989.0,37.0,30-50년,노후,5,37.53,높음,3,8,경고,D
전북,전주시 완산구,52111,1989.0,37.0,30-50년,노후,5,0.0,낮음,1,6,주의,C
전북,전주시 완산구,52111,1992.0,34.0,30-50년,노후,5,17.55,보통,2,7,경고,D
전북,전주시 완산구,52111,1992.0,34.0,30-50년,노후,5,50.09,매우높음,4,9,위험,E
전북,전주시 완산구,52111,1992.0,34.0,30-50년,노후,5,40.16,높음,3,8,경고,D
전북,전주시 완산구,52111,1992.0,34.0,30-50년,노후,5,38.83,높음,3,8,경고,D
전북,전주시 완산구,52111,1992.0,34.0,30-50년,노후,5,74.74,매우높음,4,9,위험,E
전북,전주시 완산구,52111,1993.0,33.0,30-50년,노후,5,3.0,낮음,1,6,주의,C
전북,전주시 완산구,52111,1993.0,33.0,30-50년,노후,5,12.69,보통,2,7,경고,D
전북,전주시 완산구,52111,1993.0,33.0,30-50년,노후,5,13.52,보통,2,7,경고,D
전북,전주시 완산구,52111,1994.0,32.0,30-50년,노후,5,1.18,낮음,1,6,주의,C
전북,전주시 완산구,52111,1994.0,32.0,30-50년,노후,5,0.41,낮음,1,6,주의,C
전북,전주시 완산구,52111,1995.0,31.0,30-50년,노후,5,4.94,낮음,1,6,주의,C
전북,전주시 완산구,52111,1994.0,32.0,30-50년,노후,5,11.61,보통,2,7,경고,D
전북,전주시 완산구,52111,1994.0,32.0,30-50년,노후,5,14.5,보통,2,7,경고,D
전북,전주시 완산구,52111,1996.0,30.0,30-50년,노후,5,0.03,낮음,1,6,주의,C
전북,전주시 완산구,52111,1996.0,30.0,30-50년,노후,5,97.4,매우높음,4,9,위험,E
전북,전주시 완산구,52111,1996.0,30.0,30-50년,노후,5,65.55,매우높음,4,9,위험,E
